Orders,Total_Spend,Avg_Order_Value,Total_Items,First_Purchase,Last_Purchase,Unique_Products,Customer_Lifetime_Days,Recency_Days,Customer_Type
1,131.94,10.15,67,2023-10-17 13:43:00,2023-10-17 13:43:00,13,0,52,Regular
2,477.79,15.41,325,2023-01-11 09:12:00,2023-05-17 09:24:00,29,126,206,At Risk
2,1054.73,16.23,1016,2023-10-31 16:24:00,2023-11-22 13:29:00,48,21,16,Regular
4,1313.1,15.45,1506,2023-08-19 15:24:00,2023-12-02 10:22:00,70,104,7,Regular
1,1432.0,358.0,800,2023-08-21 11:05:00,2023-08-21 11:05:00,4,0,110,Regular
3,1071.73,2.56,718,2023-11-29 15:09:00,2023-12-08 13:50:00,313,8,0,Regular
1,383.7,23.98,131,2022-12-21 15:43:00,2022-12-21 15:43:00,16,0,352,At Risk
1,229.33,8.82,123,2023-03-30 16:14:00,2023-03-30 16:14:00,26,0,253,At Risk
2,982.07,37.77,269,2023-03-09 10:19:00,2023-09-07 11:43:00,25,182,93,Regular
1,559.87,16.97,336,2023-05-27 12:41:00,2023-05-27 12:41:00,33,0,196,At Risk
7,2533.42,11.95,1213,2023-03-06 14:44:00,2023-12-05 10:09:00,166,273,4,VIP
63,80850.84,335.48,40108,2022-12-01 09:57:00,2023-11-01 10:27:00,44,335,38,VIP
3,1122.63,6.49,540,2023-04-14 12:31:00,2023-11-06 11:43:00,141,205,33,Regular
1,93.82,2.84,252,2023-10-05 17:28:00,2023-10-05 17:28:00,32,0,64,Regular
2,2004.3,18.06,1536,2022-12-13 12:50:00,2023-11-15 15:06:00,97,337,23,Regular
5,2044.87,42.6,829,2022-12-06 15:14:00,2023-12-02 11:21:00,34,360,7,Regular
2,495.77,17.71,85,2023-03-03 12:53:00,2023-05-05 09:05:00,24,62,218,At Risk
6,1869.82,16.12,2250,2023-02-25 12:40:00,2023-11-03 11:51:00,101,250,36,Frequent
1,1542.08,110.15,929,2023-03-23 12:06:00,2023-03-23 12:06:00,14,0,261,At Risk
1,157.9,26.32,101,2023-05-18 10:48:00,2023-05-18 10:48:00,6,0,205,At Risk
17,10504.49,27.5,3899,2022-12-08 11:02:00,2023-12-05 13:34:00,270,362,3,VIP
3,3502.32,13.22,1764,2023-02-07 11:42:00,2023-09-18 15:21:00,207,223,81,High Value
2,285.89,16.82,175,2023-08-22 12:32:00,2023-11-04 14:31:00,15,74,34,Regular
8,2463.05,8.46,1783,2022-12-08 10:36:00,2023-12-07 12:34:00,214,364,2,VIP
3,2515.84,28.27,1784,2023-03-23 13:42:00,2023-07-28 18:56:00,55,127,133,High Value
1,325.75,15.51,293,2023-02-01 11:21:00,2023-02-01 11:21:00,21,0,311,At Risk
4,3281.63,21.31,1707,2023-01-07 15:27:00,2023-11-11 14:52:00,129,307,27,High Value
1,439.66,15.7,338,2023-11-10 11:45:00,2023-11-10 11:45:00,28,0,29,Regular
6,2656.13,16.5,1959,2022-12-20 11:38:00,2023-11-08 12:13:00,133,323,31,VIP
1,415.2,27.68,58,2023-10-03 10:38:00,2023-10-03 10:38:00,15,0,67,Regular
2,427.64,4.45,275,2023-05-03 17:12:00,2023-06-27 13:00:00,83,54,164,Regular
2,1021.58,17.03,605,2023-02-15 13:52:00,2023-08-11 09:47:00,55,176,120,Regular
2,541.53,15.04,443,2023-09-29 10:10:00,2023-10-30 14:18:00,33,31,39,Regular
1,344.33,8.83,166,2023-09-23 12:50:00,2023-09-23 12:50:00,39,0,77,Regular
2,183.44,10.79,286,2023-10-21 09:50:00,2023-11-10 17:17:00,16,20,28,Regular
11,1980.57,8.5,956,2023-01-04 12:45:00,2023-10-04 15:55:00,150,273,65,Frequent
30,18641.01,26.25,11441,2022-12-13 15:44:00,2023-12-08 12:05:00,363,359,1,VIP
5,1236.54,17.92,1210,2023-04-06 14:02:00,2023-09-13 14:53:00,35,160,86,Regular
2,1160.07,20.35,460,2023-10-03 14:05:00,2023-11-18 13:14:00,53,45,20,Regular
8,2340.84,26.6,1006,2023-06-23 10:20:00,2023-12-02 13:15:00,64,162,6,VIP
11,4757.16,26.43,3664,2023-03-17 09:03:00,2023-12-08 16:29:00,81,266,0,VIP
1,318.15,6.12,257,2023-10-28 17:27:00,2023-10-28 17:27:00,50,0,41,Regular
6,881.29,7.6,588,2023-04-21 15:46:00,2023-11-10 16:59:00,107,203,28,Frequent
1,183.6,22.95,128,2023-03-18 10:06:00,2023-03-18 10:06:00,8,0,266,At Risk
3,1421.61,21.54,1037,2023-07-24 15:39:00,2023-10-24 10:13:00,37,91,46,Regular
1,375.69,37.57,91,2022-12-06 09:52:00,2022-12-06 09:52:00,9,0,368,At Risk
2,302.1,2.65,198,2023-10-30 14:33:00,2023-11-27 15:02:00,105,28,11,Regular
2,877.44,146.24,1200,2023-08-16 09:50:00,2023-09-08 10:49:00,4,23,92,Regular
2,216.21,10.3,72,2023-06-27 12:49:00,2023-07-08 12:50:00,21,11,154,Regular
5,2053.02,17.55,1047,2022-12-02 18:27:00,2023-10-28 12:39:00,91,329,42,Regular
2,596.85,74.61,171,2023-03-16 13:44:00,2023-05-10 11:55:00,8,54,213,At Risk
3,1266.97,18.91,778,2022-12-14 13:03:00,2023-11-07 15:15:00,53,328,31,Regular
3,468.41,10.18,229,2023-02-13 14:16:00,2023-11-18 10:27:00,37,277,21,Regular
2,221.27,8.2,221,2023-06-21 13:38:00,2023-12-01 12:54:00,23,162,7,Regular
4,1791.56,15.58,1386,2023-06-09 09:32:00,2023-12-08 13:46:00,86,182,0,Regular
1,204.5,12.78,175,2023-03-01 12:48:00,2023-03-01 12:48:00,16,0,283,At Risk
2,1025.44,51.27,1162,2023-09-15 10:53:00,2023-10-05 14:19:00,20,20,64,Regular
16,9227.82,17.71,4426,2023-03-08 14:12:00,2023-12-01 13:19:00,270,267,7,VIP
3,1316.66,18.54,632,2023-09-06 14:19:00,2023-12-09 12:09:00,64,93,0,Regular
4,2027.5,18.6,1302,2023-06-08 15:05:00,2023-12-08 15:09:00,82,183,0,Regular
2,388.25,20.43,155,2023-03-28 14:57:00,2023-10-06 10:31:00,19,191,64,Regular
1,191.95,7.68,63,2023-07-25 11:01:00,2023-07-25 11:01:00,24,0,137,Regular
3,1095.08,17.38,578,2022-12-06 09:21:00,2023-10-25 08:51:00,48,322,45,Regular
3,501.03,3.19,412,2022-12-06 12:23:00,2023-11-13 15:44:00,150,342,25,Regular
10,2248.99,19.06,982,2022-12-07 15:02:00,2023-11-18 09:58:00,102,345,21,VIP
2,365.45,19.23,127,2022-12-10 10:27:00,2022-12-14 13:31:00,18,4,359,At Risk
3,1842.14,32.32,942,2023-08-03 12:50:00,2023-10-28 13:19:00,41,86,41,Regular
55,8507.13,8.76,2088,2022-12-05 13:17:00,2023-12-07 12:19:00,330,366,2,VIP
6,3506.54,44.96,1802,2023-04-14 08:32:00,2023-10-19 11:53:00,55,188,51,VIP
1,712.78,37.51,398,2023-11-07 10:23:00,2023-11-07 10:23:00,19,0,32,Regular
2,467.51,19.48,155,2023-10-19 13:38:00,2023-10-19 13:49:00,24,0,50,Regular
15,8476.57,24.64,4987,2022-12-09 10:37:00,2023-12-05 16:31:00,177,361,3,VIP
1,351.65,18.51,265,2023-09-14 14:30:00,2023-09-14 14:30:00,19,0,85,Regular
1,185.65,23.21,77,2023-04-11 09:47:00,2023-04-11 09:47:00,8,0,242,At Risk
2,679.45,13.87,751,2023-09-14 14:26:00,2023-11-21 08:19:00,48,67,18,Regular
1,530.15,23.05,139,2023-02-11 14:26:00,2023-02-11 14:26:00,23,0,300,At Risk
5,5059.32,46.85,1801,2023-06-20 13:27:00,2023-10-28 11:43:00,107,129,42,High Value
6,1429.64,29.78,558,2023-04-20 12:28:00,2023-12-02 14:16:00,30,226,6,Frequent
2,701.23,21.25,277,2023-09-19 14:43:00,2023-09-21 09:18:00,33,1,79,Regular
1,301.72,15.88,642,2023-09-22 18:15:00,2023-09-22 18:15:00,19,0,77,Regular
2,380.39,4.18,219,2022-12-08 15:17:00,2023-11-02 15:56:00,87,329,36,Regular
2,287.62,35.95,166,2023-03-15 12:05:00,2023-11-17 12:59:00,8,247,21,Regular
2,529.73,11.27,877,2023-07-06 14:59:00,2023-07-28 15:55:00,47,22,133,Regular
1,427.8,17.82,164,2022-12-03 15:45:00,2022-12-03 15:45:00,24,0,370,At Risk
1,349.83,21.86,153,2023-11-09 13:47:00,2023-11-09 13:47:00,16,0,29,Regular
22,26626.8,591.71,32184,2023-02-03 10:50:00,2023-12-02 12:19:00,9,302,7,VIP
1,123.1,10.26,42,2023-04-06 10:40:00,2023-04-06 10:40:00,12,0,247,At Risk
1,337.44,24.1,232,2023-07-29 09:01:00,2023-07-29 09:01:00,14,0,133,Regular
3,478.09,8.85,196,2023-03-13 10:25:00,2023-10-23 10:38:00,47,224,47,Regular
5,1551.78,19.64,1948,2023-05-08 12:38:00,2023-11-25 08:12:00,63,200,14,Regular
1,210.31,3.19,129,2023-11-06 12:25:00,2023-11-06 12:25:00,66,0,33,Regular
4,2207.4,275.92,873,2023-01-24 15:47:00,2023-08-18 17:04:00,8,206,112,High Value
2,770.12,12.62,341,2022-12-07 11:49:00,2023-03-30 12:15:00,59,113,254,At Risk
2,567.36,51.58,372,2023-09-14 15:18:00,2023-09-28 15:24:00,10,14,71,Regular
6,1335.19,26.7,673,2023-06-23 09:22:00,2023-12-01 13:47:00,34,161,7,Frequent
2,343.23,171.62,2019,2022-12-12 12:03:00,2023-07-19 15:30:00,1,219,142,Regular
2,595.42,31.34,616,2023-05-12 15:23:00,2023-11-14 12:07:00,17,185,25,Regular
28,6295.37,5.66,4230,2022-12-08 14:36:00,2023-11-24 12:25:00,360,350,15,VIP
4,605.8,23.3,114,2023-01-10 11:59:00,2023-05-05 13:46:00,14,115,217,At Risk
3,2081.9,21.24,1122,2023-06-26 13:46:00,2023-12-01 13:22:00,77,157,7,High Value
13,4396.13,33.05,1062,2022-12-03 14:30:00,2023-11-11 08:19:00,58,342,28,VIP
3,1290.53,19.85,711,2023-10-14 09:35:00,2023-11-03 14:53:00,65,20,35,Regular
1,213.96,30.57,168,2023-11-29 09:48:00,2023-11-29 09:48:00,7,0,10,Regular
6,3160.0,21.35,2638,2022-12-05 13:21:00,2023-10-11 13:45:00,110,310,58,VIP
1,376.72,4.77,256,2023-11-15 17:26:00,2023-11-15 17:26:00,78,0,23,Regular
2,1998.0,399.6,840,2023-03-31 13:33:00,2023-04-27 10:52:00,4,26,226,At Risk
2,714.96,55.0,1312,2023-10-10 12:30:00,2023-11-07 17:50:00,10,28,31,Regular
1,623.5,22.27,366,2023-04-13 15:57:00,2023-04-13 15:57:00,28,0,239,At Risk
5,1674.69,20.42,1399,2023-08-03 10:45:00,2023-09-27 13:04:00,67,55,72,Regular
9,1002.9,5.67,705,2022-12-03 12:24:00,2023-12-05 13:14:00,162,367,3,Frequent
1,372.7,19.62,136,2023-11-03 16:15:00,2023-11-03 16:15:00,19,0,35,Regular
2,777.53,15.87,209,2023-07-22 17:21:00,2023-09-16 14:45:00,49,55,83,Regular
2,333.48,16.67,162,2023-11-06 12:16:00,2023-11-11 09:46:00,19,4,28,Regular
1,349.1,43.64,193,2023-06-03 14:44:00,2023-06-03 14:44:00,8,0,188,At Risk
4,1116.68,5.37,1650,2023-01-05 15:09:00,2023-08-22 13:30:00,176,228,108,Regular
1,201.16,7.18,129,2023-01-17 16:14:00,2023-01-17 16:14:00,27,0,325,At Risk
4,720.86,5.91,313,2023-06-30 16:39:00,2023-11-16 10:55:00,89,138,23,Regular
10,6761.34,18.89,2452,2022-12-05 10:52:00,2023-12-02 14:25:00,223,362,6,VIP
5,3099.72,29.24,1682,2023-01-25 10:49:00,2023-10-06 16:54:00,88,254,63,High Value
1,743.53,14.58,604,2023-09-29 13:17:00,2023-09-29 13:17:00,51,0,70,Regular
2,580.05,27.62,419,2023-01-11 12:37:00,2023-01-31 12:50:00,20,20,312,At Risk
4,519.69,6.26,341,2023-05-27 12:26:00,2023-11-24 15:03:00,70,181,14,Regular
10,3466.28,31.8,905,2023-03-03 18:28:00,2023-11-29 12:27:00,67,270,10,VIP
4,1839.3,31.17,594,2023-11-02 10:51:00,2023-12-06 14:56:00,47,34,2,Regular
1,345.0,15.68,192,2023-09-19 12:06:00,2023-09-19 12:06:00,22,0,81,Regular
4,1504.27,12.54,1007,2023-03-17 14:19:00,2023-11-24 15:05:00,81,252,14,Regular
1,134.46,5.17,94,2023-11-06 13:17:00,2023-11-06 13:17:00,26,0,32,Regular
2,797.71,15.05,678,2023-04-11 13:02:00,2023-09-21 10:47:00,50,162,79,Regular
3,2128.42,15.1,1369,2023-06-13 08:44:00,2023-10-11 11:43:00,125,120,59,High Value
4,859.71,6.99,353,2022-12-12 11:26:00,2023-11-27 12:47:00,86,350,12,Regular
3,422.47,9.39,185,2022-12-08 15:12:00,2023-08-23 15:33:00,40,258,107,Regular
6,1449.32,14.49,827,2022-12-05 16:00:00,2023-11-06 12:30:00,70,335,33,Frequent
1,138.68,13.87,66,2023-03-20 12:06:00,2023-03-20 12:06:00,10,0,264,At Risk
2,605.06,16.81,350,2023-04-15 11:44:00,2023-08-17 11:37:00,32,123,114,Regular
4,1353.74,23.34,671,2023-05-19 14:42:00,2023-11-27 11:18:00,47,191,12,Regular
4,1344.78,16.2,776,2023-04-12 12:47:00,2023-10-17 13:44:00,65,188,52,Regular
1,242.35,17.31,104,2023-09-20 10:18:00,2023-09-20 10:18:00,14,0,80,Regular
3,656.69,36.48,347,2023-09-28 11:48:00,2023-11-24 11:41:00,12,56,15,Regular
5,1072.36,20.23,486,2023-02-25 11:32:00,2023-11-30 14:09:00,41,278,8,Regular
5,2092.66,23.25,1740,2023-03-11 09:54:00,2023-10-17 15:02:00,66,220,52,High Value
5,2607.61,20.53,1328,2023-05-11 12:47:00,2023-10-14 13:41:00,94,156,55,High Value
3,817.86,16.04,628,2023-03-30 15:38:00,2023-08-17 10:46:00,37,139,114,Regular
4,916.98,4.47,594,2023-09-14 14:19:00,2023-11-04 14:35:00,126,51,34,Regular
4,752.77,4.59,522,2022-12-16 11:53:00,2023-10-19 12:11:00,120,307,51,Regular
1,346.98,31.54,343,2023-06-01 15:12:00,2023-06-01 15:12:00,11,0,190,At Risk
2,716.35,21.07,219,2023-06-06 12:47:00,2023-09-09 08:48:00,28,94,91,Regular
2,483.8,21.99,174,2022-12-08 15:03:00,2023-05-18 16:56:00,17,161,204,At Risk
7,1582.8,10.48,797,2023-02-07 14:16:00,2023-11-11 14:22:00,125,277,27,Frequent
10,4020.04,223.34,9323,2023-02-10 09:29:00,2023-10-21 13:27:00,6,253,48,VIP
13,5855.57,10.11,2996,2022-12-14 13:31:00,2023-12-08 14:38:00,283,359,0,VIP
7,1341.6,32.72,1776,2023-03-25 14:46:00,2023-12-07 10:09:00,8,256,2,Frequent
5,1987.33,9.24,1240,2022-12-10 10:18:00,2023-12-04 15:00:00,190,359,4,Regular
2,271.19,2.44,251,2023-11-24 14:09:00,2023-12-05 12:46:00,100,10,4,Regular
1,216.07,6.36,92,2023-01-17 16:14:00,2023-01-17 16:14:00,30,0,325,At Risk
5,2647.59,27.58,1363,2023-01-21 11:55:00,2023-11-08 13:52:00,79,291,30,High Value
1,56.4,18.8,72,2023-03-30 10:50:00,2023-03-30 10:50:00,3,0,254,At Risk
2,869.77,6.13,497,2023-11-14 13:42:00,2023-12-01 19:54:00,113,17,7,Regular
7,2213.13,11.65,2035,2022-12-16 12:15:00,2023-11-10 13:13:00,89,329,28,VIP
2,551.04,20.41,672,2022-12-06 10:20:00,2023-09-26 13:35:00,19,294,73,Regular
12,5049.95,20.87,2751,2022-12-06 12:21:00,2023-10-20 09:57:00,167,317,50,VIP
3,379.35,21.08,111,2023-02-03 15:28:00,2023-09-08 10:43:00,18,216,92,Regular
4,650.43,11.41,264,2023-09-22 13:15:00,2023-11-28 10:02:00,47,66,11,Regular
4,783.97,6.27,670,2023-01-27 18:05:00,2023-10-14 15:46:00,91,259,55,Regular
1,103.3,17.22,74,2023-09-11 13:16:00,2023-09-11 13:16:00,6,0,88,Regular
4,1031.41,19.46,445,2023-01-11 15:00:00,2023-12-04 16:02:00,47,327,4,Regular
4,2232.49,28.62,1017,2023-05-10 11:20:00,2023-09-28 13:43:00,72,141,71,High Value
2,497.56,18.43,229,2023-11-01 12:06:00,2023-12-02 12:08:00,21,31,7,Regular
2,513.7,19.76,172,2023-04-07 13:32:00,2023-06-19 10:53:00,21,72,173,Regular
11,4462.68,10.99,2692,2023-01-12 16:57:00,2023-12-09 09:00:00,288,330,0,VIP
1,206.98,12.18,128,2023-01-24 12:00:00,2023-01-24 12:00:00,17,0,319,At Risk
3,903.9,18.83,430,2023-09-23 14:43:00,2023-10-20 14:10:00,48,26,49,Regular
3,6748.8,1687.2,2016,2023-01-05 12:37:00,2023-11-22 11:08:00,2,320,17,High Value
1,1043.1,74.51,1236,2023-09-19 12:29:00,2023-09-19 12:29:00,14,0,81,Regular
3,1519.42,7.34,926,2023-01-06 14:53:00,2023-09-30 12:03:00,183,266,70,Regular
1,172.9,21.61,34,2023-03-20 12:50:00,2023-03-20 12:50:00,8,0,264,At Risk
2,409.98,18.64,212,2023-03-18 08:31:00,2023-03-18 08:32:00,22,0,266,At Risk
1,279.05,21.47,143,2023-11-28 16:35:00,2023-11-28 16:35:00,13,0,10,Regular
4,1945.33,27.02,1271,2023-10-20 09:04:00,2023-11-23 08:17:00,63,33,16,Regular
1,271.2,12.91,128,2023-11-24 14:42:00,2023-11-24 14:42:00,21,0,14,Regular
1,265.2,88.4,120,2023-05-05 15:12:00,2023-05-05 15:12:00,3,0,217,At Risk
1,302.58,37.82,102,2023-01-25 14:45:00,2023-01-25 14:45:00,8,0,317,At Risk
1,178.34,4.15,138,2023-10-25 13:07:00,2023-10-25 13:07:00,43,0,44,Regular
1,256.32,5.83,167,2022-12-10 13:48:00,2022-12-10 13:48:00,41,0,363,At Risk
3,702.0,58.5,360,2023-01-18 11:51:00,2023-02-24 17:28:00,7,37,287,At Risk
1,1706.88,38.79,629,2023-08-15 14:17:00,2023-08-15 14:17:00,43,0,115,Regular
3,4628.75,16.53,4338,2023-04-11 08:16:00,2023-11-16 10:34:00,220,219,23,High Value
1,127.84,7.52,30,2023-04-03 12:08:00,2023-04-03 12:08:00,17,0,250,At Risk
1,211.32,70.44,108,2023-09-15 15:44:00,2023-09-15 15:44:00,3,0,84,Regular
1,168.0,56.0,126,2023-08-03 09:59:00,2023-08-03 09:59:00,3,0,128,Regular
1,187.05,4.35,66,2023-06-19 14:42:00,2023-06-19 14:42:00,41,0,172,Regular
2,149.64,9.98,175,2023-03-07 17:19:00,2023-03-07 17:23:00,13,0,276,At Risk
1,154.95,19.37,93,2023-03-24 11:34:00,2023-03-24 11:34:00,8,0,260,At Risk
1,307.4,19.21,72,2023-02-18 12:02:00,2023-02-18 12:02:00,16,0,294,At Risk
1,135.19,4.51,36,2023-04-12 12:16:00,2023-04-12 12:16:00,30,0,241,At Risk
1,60.7,20.23,26,2023-07-27 09:01:00,2023-07-27 09:01:00,3,0,135,Regular
1,240.89,5.74,179,2023-05-29 14:13:00,2023-05-29 14:13:00,40,0,193,At Risk
4,1037.59,17.89,533,2023-04-13 14:38:00,2023-09-06 14:32:00,45,145,93,Regular
3,710.28,19.73,328,2023-01-07 16:34:00,2023-06-07 11:39:00,31,150,185,At Risk
10,2000.86,24.7,1232,2022-12-02 12:10:00,2023-12-05 15:15:00,50,368,3,Frequent
2,643.9,6.13,378,2023-05-29 12:35:00,2023-10-10 13:38:00,86,134,59,Regular
2,752.6,17.5,488,2023-07-01 12:47:00,2023-07-27 08:35:00,38,25,135,Regular
8,3146.92,5.83,2528,2023-03-17 20:12:00,2023-11-27 15:59:00,339,254,11,VIP
5,1105.78,4.75,719,2023-01-16 16:23:00,2023-10-30 12:28:00,199,286,40,Regular
2,187.29,6.04,285,2023-07-07 14:08:00,2023-07-07 14:11:00,31,0,154,Regular
1,90.04,12.86,184,2023-12-05 15:44:00,2023-12-05 15:44:00,7,0,3,Regular
8,5859.43,7.46,2739,2022-12-12 16:14:00,2023-11-22 15:45:00,540,344,16,VIP
1,110.92,4.62,29,2023-06-29 13:10:00,2023-06-29 13:10:00,24,0,162,Regular
2,693.33,26.67,211,2023-02-04 10:38:00,2023-02-04 10:39:00,26,0,308,At Risk
2,397.29,18.92,306,2023-05-20 09:24:00,2023-07-29 14:39:00,17,70,132,Regular
6,1064.07,16.89,503,2023-01-13 10:33:00,2023-12-01 12:14:00,53,322,8,Frequent
91,60632.75,25.63,38147,2022-12-01 09:41:00,2023-12-09 12:00:00,567,373,0,VIP
1,444.68,20.21,220,2023-11-16 16:52:00,2023-11-16 16:52:00,21,0,22,Regular
9,2108.06,6.57,1242,2023-10-07 15:45:00,2023-12-06 12:26:00,232,59,3,VIP
8,1502.86,9.95,752,2022-12-08 13:07:00,2023-11-23 13:46:00,124,350,15,Frequent
2,355.73,3.87,158,2023-11-06 12:50:00,2023-11-06 13:08:00,86,0,32,Regular
1,221.97,4.44,189,2023-10-26 13:19:00,2023-10-26 13:19:00,49,0,43,Regular
2,810.57,16.89,488,2023-05-26 14:20:00,2023-09-20 12:39:00,44,116,80,Regular
1,138.6,8.15,217,2023-11-23 12:39:00,2023-11-23 12:39:00,16,0,16,Regular
4,1793.58,18.3,1059,2023-04-13 12:57:00,2023-09-15 10:35:00,94,154,85,Regular
44,51527.3,31.48,58343,2022-12-14 12:59:00,2023-12-01 13:12:00,884,352,7,VIP
1,1089.18,17.29,651,2023-08-01 10:26:00,2023-08-01 10:26:00,63,0,130,Regular
5,1422.52,14.23,1181,2023-03-15 12:52:00,2023-11-22 09:16:00,90,251,17,Regular
2,913.19,31.49,493,2023-03-30 13:39:00,2023-09-05 09:46:00,29,158,95,Regular
3,568.55,12.63,847,2023-02-01 11:30:00,2023-11-16 13:33:00,43,288,22,Regular
2,599.56,5.04,355,2023-07-11 13:35:00,2023-10-20 13:06:00,100,100,49,Regular
26,8004.92,18.15,4230,2022-12-05 10:58:00,2023-12-08 11:36:00,119,368,1,VIP
4,417.06,14.9,274,2022-12-16 17:01:00,2023-08-28 14:16:00,28,254,102,Regular
1,546.04,12.7,727,2023-11-28 14:12:00,2023-11-28 14:12:00,43,0,10,Regular
5,1581.84,6.73,1025,2023-04-04 14:17:00,2023-12-08 12:43:00,177,247,1,Regular
5,1515.9,21.97,880,2023-01-09 13:50:00,2023-11-22 10:17:00,42,316,17,Regular
1,489.6,37.66,190,2022-12-01 09:53:00,2022-12-01 09:53:00,13,0,373,At Risk
4,803.54,3.46,550,2023-03-23 15:37:00,2023-06-26 14:54:00,166,94,165,Regular
1,1340.32,25.78,560,2023-02-24 18:59:00,2023-02-24 18:59:00,52,0,287,At Risk
124,40519.84,5.28,22834,2022-12-01 14:41:00,2023-12-08 12:07:00,1323,371,1,VIP
1,124.57,15.57,33,2023-06-06 09:16:00,2023-06-06 09:16:00,8,0,186,At Risk
2,192.6,38.52,52,2023-08-04 13:25:00,2023-11-22 12:54:00,4,109,16,Regular
7,1328.35,6.58,773,2023-04-10 13:48:00,2023-11-27 10:39:00,147,230,12,Frequent
4,745.06,21.29,323,2023-04-07 11:29:00,2023-11-28 14:44:00,33,235,10,Regular
1,175.27,6.04,123,2023-04-17 13:18:00,2023-04-17 13:18:00,28,0,235,At Risk
6,2059.45,38.14,1230,2022-12-06 15:03:00,2023-09-29 18:18:00,40,297,70,VIP
5,920.51,57.53,679,2022-12-08 15:58:00,2023-11-13 12:38:00,14,339,26,Regular
3,12601.83,48.28,2803,2023-10-11 14:52:00,2023-10-27 14:20:00,260,15,42,High Value
4,420.3,46.7,162,2023-03-09 08:59:00,2023-11-29 13:41:00,3,265,9,Regular
2,1020.42,17.01,452,2023-10-19 08:20:00,2023-12-01 09:20:00,53,43,8,Regular
1,139.35,23.22,83,2023-04-21 13:39:00,2023-04-21 13:39:00,6,0,231,At Risk
3,990.2,14.35,564,2023-01-12 15:22:00,2023-10-09 16:05:00,65,270,60,Regular
1,606.05,13.77,407,2022-12-05 13:03:00,2022-12-05 13:03:00,41,0,368,At Risk
3,648.89,7.55,420,2023-07-05 13:06:00,2023-11-17 14:02:00,82,135,21,Regular
2,584.07,18.84,345,2023-04-03 15:50:00,2023-12-02 13:58:00,30,242,6,Regular
4,517.53,8.48,243,2022-12-15 10:54:00,2023-05-31 13:58:00,57,167,191,At Risk
2,664.26,10.06,333,2023-02-23 13:37:00,2023-10-26 11:36:00,61,244,44,Regular
3,675.6,9.65,198,2022-12-09 09:34:00,2023-07-31 14:39:00,68,234,130,Regular
1,459.4,35.34,240,2023-05-09 13:49:00,2023-05-09 13:49:00,13,0,213,At Risk
5,404.58,22.48,240,2023-01-20 10:11:00,2023-08-19 12:56:00,13,211,111,Regular
1,417.2,10.18,216,2023-03-01 15:16:00,2023-03-01 15:16:00,39,0,282,At Risk
8,984.91,12.96,945,2022-12-02 13:11:00,2023-11-18 12:02:00,66,350,21,Frequent
2,280.55,17.53,123,2023-01-18 08:53:00,2023-04-19 11:46:00,13,91,234,At Risk
1,548.12,10.15,250,2023-08-21 15:54:00,2023-08-21 15:54:00,49,0,109,Regular
1,158.68,15.87,100,2023-02-28 16:39:00,2023-02-28 16:39:00,10,0,283,At Risk
1,229.64,15.31,164,2023-10-26 09:54:00,2023-10-26 09:54:00,15,0,44,Regular
1,133.56,26.71,88,2023-06-01 13:40:00,2023-06-01 13:40:00,5,0,190,At Risk
10,3945.0,17.0,3112,2023-06-15 15:57:00,2023-11-28 10:29:00,149,165,11,VIP
5,981.51,5.88,636,2023-01-23 12:07:00,2023-11-16 13:24:00,123,297,22,Regular
3,635.41,20.5,330,2023-05-17 10:23:00,2023-11-21 08:37:00,25,187,18,Regular
1,224.14,9.75,454,2023-09-29 11:31:00,2023-09-29 11:31:00,23,0,71,Regular
1,110.46,15.78,90,2023-11-18 10:42:00,2023-11-18 10:42:00,7,0,21,Regular
1,116.01,12.89,103,2023-04-14 18:02:00,2023-04-14 18:02:00,9,0,238,At Risk
2,2794.51,24.51,1196,2023-01-13 15:34:00,2023-11-18 13:30:00,111,308,20,High Value
4,1425.67,5.26,876,2023-02-14 15:15:00,2023-10-20 15:57:00,247,248,49,Regular
2,698.41,26.86,459,2023-05-06 09:14:00,2023-10-24 13:36:00,26,171,45,Regular
2,272.04,15.11,228,2023-06-01 12:46:00,2023-10-21 09:56:00,16,141,49,Regular
3,2720.63,16.39,1628,2023-09-22 15:40:00,2023-11-29 12:47:00,159,67,10,High Value
3,1837.28,26.25,1586,2023-05-22 10:39:00,2023-10-28 09:29:00,59,158,42,Regular
3,2103.06,11.68,766,2023-03-23 12:15:00,2023-07-14 17:11:00,173,113,147,High Value
3,1174.58,22.16,311,2023-09-19 12:01:00,2023-11-16 11:52:00,47,57,23,Regular
2,804.02,17.11,511,2023-06-06 13:18:00,2023-08-09 10:19:00,39,63,122,Regular
1,205.48,5.55,113,2023-02-09 15:33:00,2023-02-09 15:33:00,36,0,302,At Risk
2,1135.04,28.38,611,2023-06-12 13:04:00,2023-08-23 14:55:00,30,72,107,Regular
3,1126.85,18.78,648,2023-01-25 15:13:00,2023-09-22 16:34:00,57,240,77,Regular
4,4067.29,21.29,1553,2023-06-05 15:37:00,2023-11-17 13:46:00,118,164,21,High Value
2,416.08,18.91,216,2023-02-17 13:57:00,2023-07-05 12:11:00,17,137,157,Regular
3,1213.16,19.89,1468,2023-04-01 11:48:00,2023-11-14 09:00:00,59,226,25,Regular
11,3883.25,16.39,2749,2023-03-09 15:20:00,2023-12-08 10:26:00,145,273,1,VIP
2,503.76,16.25,405,2023-08-19 14:39:00,2023-11-16 15:34:00,31,89,22,Regular
4,915.13,22.88,355,2023-08-26 14:40:00,2023-12-07 09:53:00,27,102,2,Regular
2,665.78,7.4,693,2023-02-06 14:46:00,2023-07-03 15:53:00,80,147,158,Regular
1,329.65,36.63,174,2023-07-20 11:07:00,2023-07-20 11:07:00,9,0,142,Regular
3,529.62,88.27,179,2023-05-18 14:42:00,2023-09-02 15:20:00,6,107,97,Regular
1,226.21,16.16,133,2023-03-21 08:18:00,2023-03-21 08:18:00,14,0,263,At Risk
10,2588.77,18.36,1221,2022-12-09 08:34:00,2023-12-01 11:12:00,99,357,8,VIP
1,236.26,19.69,111,2023-06-13 11:33:00,2023-06-13 11:33:00,12,0,179,At Risk
1,170.32,15.48,232,2023-11-20 14:17:00,2023-11-20 14:17:00,11,0,18,Regular
2,396.48,8.09,223,2023-11-06 14:50:00,2023-12-07 17:05:00,42,31,1,Regular
2,529.41,17.08,260,2023-04-21 11:59:00,2023-11-23 09:41:00,31,215,16,Regular
9,1843.83,9.36,669,2022-12-14 11:01:00,2023-11-08 12:29:00,161,329,31,Frequent
1,296.7,21.19,136,2023-06-02 19:17:00,2023-06-02 19:17:00,14,0,189,At Risk
1,848.55,22.33,508,2023-12-09 12:16:00,2023-12-09 12:16:00,38,0,0,Regular
1,364.6,26.04,197,2023-02-01 13:10:00,2023-02-01 13:10:00,14,0,310,At Risk
4,594.52,3.52,338,2023-10-02 13:01:00,2023-12-04 11:24:00,123,62,5,Regular
2,511.36,23.24,300,2023-02-24 11:42:00,2023-04-15 08:45:00,21,49,238,At Risk
2,779.57,18.13,368,2023-01-06 14:26:00,2023-01-28 13:37:00,38,21,314,At Risk
2,618.09,17.66,371,2022-12-15 14:00:00,2023-11-18 10:05:00,34,337,21,Regular
4,322.41,21.49,157,2023-06-13 10:10:00,2023-09-25 14:36:00,10,104,74,Regular
1,228.8,25.42,110,2023-05-31 13:45:00,2023-05-31 13:45:00,9,0,191,At Risk
4,1113.02,23.19,554,2023-03-01 12:26:00,2023-10-12 12:30:00,43,225,58,Regular
1,106.2,106.2,36,2022-12-02 11:23:00,2022-12-02 11:23:00,1,0,372,At Risk
8,4331.48,26.25,2632,2022-12-02 15:18:00,2023-12-02 15:48:00,110,365,6,VIP
6,939.32,19.99,741,2022-12-06 11:16:00,2023-11-21 10:51:00,28,349,18,Frequent
2,422.64,20.13,266,2023-01-11 08:45:00,2023-10-10 11:20:00,21,272,60,Regular
1,585.12,10.27,232,2023-05-20 13:14:00,2023-05-20 13:14:00,56,0,202,At Risk
2,322.96,9.79,154,2023-02-07 12:24:00,2023-07-08 17:19:00,33,151,153,Regular
3,564.62,20.91,354,2023-02-02 12:54:00,2023-11-16 09:44:00,25,286,23,Regular
2,245.81,4.55,287,2023-01-20 14:13:00,2023-10-14 11:43:00,51,266,56,Regular
1,393.49,18.74,406,2023-02-04 11:52:00,2023-02-04 11:52:00,21,0,308,At Risk
3,1132.14,30.6,307,2023-05-03 12:03:00,2023-11-21 15:33:00,29,202,17,Regular
18,7354.62,75.82,1257,2022-12-05 10:12:00,2023-11-20 10:11:00,43,349,19,VIP
1,157.92,4.27,75,2022-12-12 13:47:00,2022-12-12 13:47:00,32,0,361,At Risk
1,612.29,17.49,462,2023-08-19 10:51:00,2023-08-19 10:51:00,35,0,112,Regular
1,25.5,25.5,2,2023-07-28 19:13:00,2023-07-28 19:13:00,1,0,133,Regular
1,339.6,11.32,125,2023-05-23 16:32:00,2023-05-23 16:32:00,29,0,199,At Risk
1,205.25,22.81,47,2023-11-15 10:48:00,2023-11-15 10:48:00,9,0,24,Regular
1,516.42,39.72,254,2023-03-11 14:52:00,2023-03-11 14:52:00,13,0,272,At Risk
1,183.02,5.08,179,2023-11-25 12:20:00,2023-11-25 12:20:00,35,0,14,Regular
21,5579.1,17.22,3584,2022-12-01 09:37:00,2023-12-02 12:26:00,148,366,7,VIP
5,1651.03,75.05,833,2022-12-17 12:43:00,2023-12-06 16:32:00,18,354,2,Regular
8,1906.09,9.16,1532,2022-12-02 16:00:00,2023-11-24 10:24:00,140,356,15,Frequent
1,171.45,19.05,75,2023-05-19 10:43:00,2023-05-19 10:43:00,9,0,204,At Risk
13,4730.81,21.03,5001,2022-12-06 12:59:00,2023-11-22 13:28:00,96,351,16,VIP
1,325.1,54.18,50,2023-03-08 10:33:00,2023-03-08 10:33:00,6,0,276,At Risk
5,2720.8,23.25,1831,2022-12-02 15:55:00,2023-11-13 11:20:00,96,345,26,High Value
1,679.68,16.18,416,2023-09-15 09:34:00,2023-09-15 09:34:00,42,0,85,Regular
2,9864.26,145.06,4283,2023-05-12 14:46:00,2023-05-12 14:52:00,68,0,210,At Risk
4,2726.23,19.76,1451,2023-01-16 16:25:00,2023-09-12 16:12:00,107,238,87,High Value
1,177.31,16.12,96,2023-11-18 11:10:00,2023-11-18 11:10:00,11,0,21,Regular
1,499.32,26.28,144,2023-10-10 08:23:00,2023-10-10 08:23:00,19,0,60,Regular
4,1060.56,19.28,321,2023-08-15 14:32:00,2023-10-07 10:09:00,50,52,63,Regular
1,196.94,17.9,79,2023-11-22 16:24:00,2023-11-22 16:24:00,11,0,16,Regular
23,15610.39,74.34,3756,2022-12-08 12:49:00,2023-12-09 10:20:00,52,365,0,VIP
1,255.9,21.32,205,2023-10-24 10:08:00,2023-10-24 10:08:00,12,0,46,Regular
3,982.42,33.88,680,2023-02-11 10:38:00,2023-08-04 10:44:00,27,174,127,Regular
12,18895.91,68.96,8437,2022-12-10 10:56:00,2023-11-16 11:59:00,109,341,23,VIP
11,3170.98,19.22,1563,2023-04-08 08:48:00,2023-11-08 14:27:00,123,214,30,VIP
1,39.12,19.56,72,2023-06-03 15:03:00,2023-06-03 15:03:00,2,0,188,At Risk
4,775.96,9.02,214,2023-06-08 10:14:00,2023-11-23 17:19:00,59,168,15,Regular
3,408.59,3.68,270,2023-06-15 14:26:00,2023-08-03 12:58:00,100,48,127,Regular
3,797.96,15.65,429,2023-04-21 12:12:00,2023-11-28 14:01:00,50,221,10,Regular
3,653.38,17.19,310,2023-03-29 13:04:00,2023-08-17 09:48:00,30,140,114,Regular
2,574.07,6.68,416,2023-01-25 13:15:00,2023-10-04 12:51:00,77,251,65,Regular
3,1396.99,20.54,581,2023-02-01 13:36:00,2023-05-24 12:12:00,55,111,199,At Risk
1,439.56,19.11,161,2023-10-07 09:30:00,2023-10-07 09:30:00,23,0,63,Regular
1,358.56,358.56,144,2023-07-15 12:58:00,2023-07-15 12:58:00,1,0,146,Regular
3,980.31,25.8,409,2023-05-06 15:13:00,2023-11-06 14:35:00,29,183,32,Regular
6,1454.58,18.41,1021,2023-02-21 12:29:00,2023-11-02 12:04:00,57,253,37,Frequent
1,82.75,6.9,41,2023-09-05 15:20:00,2023-09-05 15:20:00,11,0,94,Regular
5,1662.3,69.26,670,2023-10-30 11:35:00,2023-12-07 08:55:00,17,37,2,Regular
3,3756.33,16.92,2119,2022-12-15 15:00:00,2023-09-11 12:45:00,185,269,89,High Value
10,2599.04,40.61,774,2022-12-03 12:57:00,2023-11-11 10:29:00,32,342,28,VIP
1,151.85,30.37,91,2023-04-18 10:35:00,2023-04-18 10:35:00,5,0,235,At Risk
3,705.12,18.08,424,2023-01-26 17:43:00,2023-10-04 10:42:00,39,250,66,Regular
3,1685.46,18.94,1866,2023-02-13 11:36:00,2023-08-01 14:29:00,79,169,129,Regular
1,221.06,13.82,275,2023-10-07 12:49:00,2023-10-07 12:49:00,16,0,63,Regular
2,328.4,17.28,164,2023-10-27 16:31:00,2023-11-16 12:03:00,19,19,23,Regular
10,3641.32,23.19,2245,2022-12-15 12:43:00,2023-12-09 08:59:00,103,358,0,VIP
14,16209.5,200.12,11526,2023-03-23 15:22:00,2023-11-24 10:35:00,38,245,15,VIP
7,1049.06,8.6,556,2022-12-02 12:22:00,2023-11-13 13:27:00,88,346,25,Frequent
6,2461.24,7.48,1697,2023-03-08 12:19:00,2023-11-08 13:19:00,240,245,30,VIP
10,2467.99,6.26,1823,2022-12-06 13:13:00,2023-11-20 14:50:00,268,349,18,VIP
2,640.83,22.89,162,2023-05-18 16:26:00,2023-12-05 08:49:00,26,200,4,Regular
5,1245.9,16.39,591,2023-09-14 09:27:00,2023-12-08 12:57:00,58,85,0,Regular
3,2375.41,27.95,1401,2023-03-02 11:43:00,2023-07-31 12:44:00,75,151,131,High Value
1,90.6,18.12,44,2023-10-05 14:42:00,2023-10-05 14:42:00,5,0,64,Regular
1,39.75,13.25,5,2022-12-03 11:42:00,2022-12-03 11:42:00,3,0,371,At Risk
2,401.9,40.19,354,2022-12-08 09:53:00,2023-01-06 12:37:00,10,29,337,At Risk
34,16594.35,62.38,8975,2022-12-05 11:15:00,2023-12-01 09:03:00,114,360,8,VIP
4,2634.45,22.14,1477,2023-04-06 15:47:00,2023-10-06 14:18:00,114,182,63,High Value
6,400.86,36.44,123,2023-01-13 10:28:00,2023-12-05 12:04:00,8,326,4,Frequent
3,1019.76,19.24,493,2023-04-19 13:03:00,2023-09-01 16:16:00,45,135,98,Regular
1,200.14,18.19,172,2023-10-10 13:34:00,2023-10-10 13:34:00,11,0,59,Regular
2,239.92,10.43,241,2022-12-01 12:38:00,2023-10-13 14:48:00,23,316,56,Regular
4,559.59,6.51,263,2023-04-05 12:30:00,2023-09-19 11:49:00,74,166,81,Regular
2,678.16,5.51,436,2023-04-10 11:35:00,2023-09-04 14:50:00,114,147,95,Regular
1,124.2,24.84,93,2023-12-06 15:32:00,2023-12-06 15:32:00,5,0,2,Regular
51,34684.4,94.0,33704,2022-12-05 15:35:00,2023-11-22 14:00:00,68,351,16,VIP
1,397.12,15.88,232,2023-10-11 12:49:00,2023-10-11 12:49:00,25,0,59,Regular
1,308.58,22.04,66,2023-07-07 16:51:00,2023-07-07 16:51:00,14,0,154,Regular
2,251.21,25.12,161,2023-01-24 10:43:00,2023-06-09 12:02:00,9,136,183,At Risk
1,433.86,4.34,391,2023-11-27 16:27:00,2023-11-27 16:27:00,95,0,11,Regular
3,808.44,4.25,496,2023-03-06 11:55:00,2023-11-13 13:01:00,146,252,25,Regular
1,610.01,14.52,581,2023-07-13 10:43:00,2023-07-13 10:43:00,42,0,149,Regular
1,288.18,20.58,122,2023-08-19 10:56:00,2023-08-19 10:56:00,14,0,112,Regular
1,74.4,12.4,144,2023-09-30 12:03:00,2023-09-30 12:03:00,6,0,70,Regular
1,157.05,5.42,91,2023-10-20 14:33:00,2023-10-20 14:33:00,29,0,49,Regular
26,5625.08,4.45,2865,2022-12-05 12:13:00,2023-11-29 11:32:00,424,358,10,VIP
2,674.52,19.27,320,2023-03-28 13:39:00,2023-06-14 15:45:00,33,78,177,Regular
1,166.2,33.24,84,2023-10-30 15:50:00,2023-10-30 15:50:00,5,0,39,Regular
4,1643.18,34.96,1044,2023-09-22 11:40:00,2023-11-28 15:47:00,35,67,10,Regular
1,76.32,76.32,72,2023-05-06 10:39:00,2023-05-06 10:39:00,1,0,217,At Risk
2,254.1,28.23,84,2022-12-13 09:57:00,2023-08-12 09:37:00,8,241,119,Regular
1,432.2,21.61,184,2023-09-22 14:10:00,2023-09-22 14:10:00,20,0,77,Regular
1,422.7,46.97,82,2022-12-15 12:05:00,2022-12-15 12:05:00,9,0,359,At Risk
5,948.25,33.87,439,2022-12-01 09:00:00,2023-09-05 09:45:00,24,278,95,Regular
8,3603.29,5.24,2204,2023-02-04 11:54:00,2023-11-29 12:09:00,345,298,10,VIP
2,1660.9,87.42,438,2022-12-03 09:49:00,2022-12-16 19:10:00,19,13,357,At Risk
4,450.84,15.55,150,2023-05-04 14:03:00,2023-11-29 11:54:00,28,208,10,Regular
7,1616.8,12.63,401,2023-05-18 15:55:00,2023-12-06 17:26:00,74,202,2,Frequent
1,155.93,12.99,133,2023-01-18 10:28:00,2023-01-18 10:28:00,12,0,325,At Risk
3,745.52,24.85,410,2023-02-25 10:10:00,2023-11-23 15:14:00,28,271,15,Regular
1,311.81,14.17,313,2022-12-01 16:33:00,2022-12-01 16:33:00,22,0,372,At Risk
1,559.61,11.91,551,2023-01-30 14:13:00,2023-01-30 14:13:00,46,0,312,At Risk
1,133.4,33.35,62,2023-11-17 18:43:00,2023-11-17 18:43:00,4,0,21,Regular
4,2020.4,6.6,1180,2023-03-27 12:21:00,2023-11-21 13:36:00,223,239,17,Regular
3,1413.66,15.71,1014,2023-03-28 09:30:00,2023-11-16 10:14:00,80,233,23,Regular
2,947.4,24.93,506,2023-02-28 10:55:00,2023-09-29 15:25:00,35,213,70,Regular
1,311.95,22.28,131,2022-12-10 13:48:00,2022-12-10 13:48:00,14,0,363,At Risk
2,659.41,26.38,287,2023-09-29 15:40:00,2023-11-06 14:47:00,24,37,32,Regular
13,2790.95,3.99,1253,2023-07-19 17:17:00,2023-12-06 11:41:00,209,139,3,VIP
1,121.74,4.51,38,2023-09-08 11:46:00,2023-09-08 11:46:00,27,0,92,Regular
4,1195.9,62.94,310,2022-12-09 12:20:00,2023-12-05 11:05:00,17,360,4,Regular
2,653.3,21.07,438,2023-07-08 12:14:00,2023-07-13 12:53:00,28,5,148,Regular
2,621.75,20.06,491,2023-09-30 10:44:00,2023-11-10 13:18:00,27,41,28,Regular
2,289.78,7.83,73,2023-01-30 11:52:00,2023-02-13 15:02:00,37,14,298,At Risk
1,198.8,5.37,72,2023-11-20 12:34:00,2023-11-20 12:34:00,33,0,19,Regular
5,4708.86,18.18,3069,2023-02-18 10:53:00,2023-11-30 15:43:00,216,285,8,High Value
4,295.0,73.75,76,2023-02-08 15:42:00,2023-07-13 09:44:00,1,154,149,Regular
2,632.4,30.11,272,2022-12-16 18:18:00,2023-04-06 13:23:00,21,110,246,At Risk
19,4521.49,21.43,1969,2022-12-08 09:20:00,2023-12-07 11:12:00,88,364,2,VIP
2,239.76,12.62,408,2023-08-31 11:40:00,2023-12-05 15:59:00,19,96,3,Regular
19,2612.96,30.03,1890,2023-05-10 12:25:00,2023-12-07 09:22:00,18,210,2,VIP
19,33643.08,201.46,18368,2022-12-07 11:26:00,2023-11-28 14:00:00,54,356,10,VIP
6,1611.59,18.52,1012,2023-01-06 16:35:00,2023-10-24 09:46:00,74,290,46,Frequent
1,462.95,20.13,165,2023-02-24 14:15:00,2023-02-24 14:15:00,23,0,287,At Risk
3,931.02,8.95,513,2023-06-12 13:51:00,2023-11-08 12:01:00,86,148,31,Regular
1,676.2,135.24,1500,2023-03-17 15:41:00,2023-03-17 15:41:00,5,0,266,At Risk
7,2638.94,29.0,1116,2022-12-08 16:45:00,2023-11-29 11:34:00,66,355,10,VIP
3,663.81,17.94,219,2023-08-05 12:06:00,2023-12-04 12:02:00,34,120,5,Regular
1,205.7,18.7,110,2023-04-26 09:12:00,2023-04-26 09:12:00,11,0,227,At Risk
1,254.28,3.58,89,2023-09-25 16:05:00,2023-09-25 16:05:00,66,0,74,Regular
6,8438.34,53.07,5557,2023-11-21 14:06:00,2023-11-22 10:44:00,35,0,17,VIP
2,617.05,56.1,219,2023-03-22 13:38:00,2023-06-01 13:32:00,11,70,190,At Risk
22,10611.72,32.06,5301,2022-12-08 09:56:00,2023-12-07 14:54:00,161,364,1,VIP
15,4726.8,18.76,1769,2022-12-01 16:15:00,2023-11-09 15:17:00,186,342,29,VIP
1,380.5,15.85,126,2023-03-09 11:54:00,2023-03-09 11:54:00,24,0,275,At Risk
1,277.07,16.3,121,2023-03-29 12:57:00,2023-03-29 12:57:00,17,0,254,At Risk
1,41.99,14.0,17,2023-12-06 11:00:00,2023-12-06 11:00:00,3,0,3,Regular
1,1141.24,21.13,688,2022-12-21 14:26:00,2022-12-21 14:26:00,54,0,352,At Risk
1,205.3,17.11,37,2023-09-05 11:38:00,2023-09-05 11:38:00,12,0,95,Regular
1,487.02,25.63,256,2023-07-05 09:06:00,2023-07-05 09:06:00,19,0,157,Regular
1,741.26,21.18,512,2023-02-25 12:48:00,2023-02-25 12:48:00,35,0,287,At Risk
3,1179.89,19.03,592,2023-04-14 09:18:00,2023-09-19 10:13:00,51,158,81,Regular
1,135.4,15.04,59,2022-12-12 14:03:00,2022-12-12 14:03:00,9,0,361,At Risk
10,1951.97,7.2,955,2022-12-06 15:25:00,2023-12-05 13:52:00,146,363,3,Frequent
17,6211.66,21.95,4873,2022-12-14 12:11:00,2023-11-16 10:32:00,179,336,23,VIP
1,218.75,6.43,113,2023-11-29 14:53:00,2023-11-29 14:53:00,34,0,9,Regular
15,6419.95,27.44,2896,2022-12-01 10:03:00,2023-11-04 11:55:00,163,338,35,VIP
3,646.83,4.69,258,2023-02-21 17:42:00,2023-11-02 12:04:00,123,253,37,Regular
1,160.19,16.02,229,2023-11-15 13:07:00,2023-11-15 13:07:00,10,0,23,Regular
1,335.32,14.58,262,2023-03-24 14:55:00,2023-03-24 14:56:00,23,0,259,At Risk
2,312.23,8.92,191,2023-02-03 10:26:00,2023-04-14 14:43:00,30,70,238,At Risk
2,3811.95,952.99,1491,2022-12-09 10:44:00,2023-03-04 12:42:00,4,85,280,At Risk
3,869.28,8.52,469,2023-04-04 12:34:00,2023-11-08 10:09:00,93,217,31,Regular
1,185.9,18.59,72,2023-08-16 13:26:00,2023-08-16 13:26:00,10,0,114,Regular
2,1030.4,28.62,1572,2023-01-04 15:43:00,2023-07-06 10:09:00,35,182,156,Regular
1,193.64,11.39,56,2022-12-19 15:07:00,2022-12-19 15:07:00,17,0,354,At Risk
6,621.68,10.91,132,2023-03-01 09:52:00,2023-11-30 16:39:00,46,274,8,Frequent
13,3675.77,25.18,283,2022-12-08 14:38:00,2023-08-11 09:38:00,134,245,120,VIP
1,1031.07,17.78,441,2023-05-11 17:13:00,2023-05-11 17:13:00,53,0,211,At Risk
6,877.56,5.93,416,2023-01-26 14:19:00,2023-09-22 12:24:00,110,238,78,Frequent
1,540.45,30.02,180,2022-12-16 18:20:00,2022-12-16 18:20:00,18,0,357,At Risk
19,13110.02,19.0,8439,2022-12-07 10:32:00,2023-12-07 16:47:00,319,365,1,VIP
2,792.11,15.23,443,2023-02-25 15:35:00,2023-10-26 15:58:00,52,243,43,Regular
2,439.92,17.6,150,2023-09-30 10:52:00,2023-12-08 12:50:00,24,69,1,Regular
8,2097.88,9.58,1985,2023-01-24 11:34:00,2023-12-06 16:21:00,172,316,2,VIP
1,62.64,12.53,88,2023-08-04 16:59:00,2023-08-04 16:59:00,5,0,126,Regular
4,601.27,20.73,282,2022-12-06 15:09:00,2023-07-21 15:23:00,29,227,140,Regular
1,508.46,72.64,84,2023-08-15 12:19:00,2023-08-15 12:19:00,7,0,116,Regular
5,2357.68,42.87,588,2022-12-09 12:49:00,2023-12-01 15:42:00,33,357,7,High Value
2,408.36,6.28,249,2023-03-29 12:31:00,2023-07-28 18:33:00,63,121,133,Regular
4,618.09,7.63,345,2023-02-20 13:13:00,2023-08-28 11:25:00,75,188,103,Regular
3,1067.75,3.67,574,2023-04-19 16:52:00,2023-11-27 16:05:00,243,221,11,Regular
8,1859.31,14.87,1339,2022-12-21 10:54:00,2023-12-09 10:10:00,97,352,0,Frequent
8,6493.54,9.01,3059,2022-12-13 12:57:00,2023-11-22 14:23:00,389,344,16,VIP
5,1098.43,16.15,2571,2023-03-23 17:25:00,2023-11-02 10:26:00,53,223,37,Regular
3,798.74,14.52,590,2023-07-24 13:30:00,2023-11-04 15:51:00,47,103,34,Regular
1,427.7,85.54,96,2023-10-21 10:51:00,2023-10-21 10:51:00,5,0,49,Regular
9,3385.62,16.44,1768,2022-12-08 10:39:00,2023-10-12 10:51:00,155,308,58,VIP
14,4416.26,24.13,2135,2022-12-02 11:22:00,2023-11-15 14:15:00,137,348,23,VIP
1,314.22,52.37,90,2023-04-28 13:33:00,2023-04-28 13:33:00,6,0,224,At Risk
1,382.5,25.5,150,2023-01-31 09:41:00,2023-01-31 09:41:00,15,0,312,At Risk
1,189.9,18.99,91,2023-02-25 13:51:00,2023-02-25 13:51:00,10,0,286,At Risk
27,3787.6,38.65,1892,2022-12-05 11:38:00,2023-11-29 12:45:00,57,359,10,VIP
6,1607.06,15.02,928,2022-12-01 12:50:00,2023-06-07 10:42:00,72,187,185,At Risk
3,1314.45,41.08,369,2023-04-28 12:22:00,2023-08-24 15:51:00,29,118,106,Regular
1,348.15,19.34,222,2023-05-11 14:12:00,2023-05-11 14:12:00,18,0,211,At Risk
1,363.65,8.66,235,2023-09-23 15:50:00,2023-09-23 15:50:00,41,0,76,Regular
2,490.86,32.72,310,2022-12-02 18:49:00,2023-09-20 09:13:00,15,291,80,Regular
2,383.75,6.4,226,2022-12-15 17:28:00,2023-08-25 19:39:00,52,253,105,Regular
3,630.84,21.75,414,2022-12-13 12:10:00,2023-04-17 11:44:00,27,124,236,At Risk
1,254.03,19.54,118,2022-12-09 10:55:00,2022-12-09 10:55:00,13,0,365,At Risk
1,214.32,19.48,135,2023-10-20 13:55:00,2023-10-20 13:55:00,11,0,49,Regular
5,1870.97,21.26,787,2023-05-19 08:55:00,2023-11-23 13:15:00,61,188,15,Regular
1,162.22,5.41,66,2023-11-11 15:28:00,2023-11-11 15:28:00,29,0,27,Regular
13,4051.48,22.26,4507,2022-12-15 09:07:00,2023-12-05 13:30:00,113,355,3,VIP
8,1980.56,19.04,806,2023-02-04 12:18:00,2023-10-21 10:03:00,95,258,49,Frequent
4,3590.41,19.2,3150,2023-09-22 13:31:00,2023-12-08 15:03:00,135,77,0,High Value
5,2188.05,18.7,1205,2023-04-19 08:55:00,2023-11-10 12:45:00,79,205,29,High Value
3,557.94,3.53,407,2023-10-06 18:08:00,2023-11-04 16:35:00,132,28,34,Regular
6,3789.52,14.69,2363,2023-01-12 10:16:00,2023-11-22 11:25:00,208,314,17,VIP
8,1657.28,17.09,891,2022-12-05 15:15:00,2023-11-24 15:32:00,63,354,14,Frequent
1,204.24,29.18,76,2023-10-17 13:25:00,2023-10-17 13:25:00,7,0,52,Regular
4,1006.8,15.03,1390,2023-09-25 15:59:00,2023-11-29 09:10:00,55,64,10,Regular
2,268.05,4.87,129,2023-09-11 11:29:00,2023-11-17 19:48:00,52,67,21,Regular
25,4748.52,19.79,719,2022-12-02 13:08:00,2023-11-29 10:56:00,112,361,10,VIP
1,141.92,6.17,102,2023-02-08 10:32:00,2023-02-08 10:32:00,23,0,304,At Risk
1,77.3,25.77,20,2023-03-23 12:44:00,2023-03-23 12:44:00,3,0,261,At Risk
2,461.19,10.73,193,2023-02-25 11:56:00,2023-11-28 10:31:00,43,275,11,Regular
2,558.7,19.95,219,2023-05-26 12:00:00,2023-09-27 12:03:00,27,124,73,Regular
3,1247.69,21.15,817,2023-06-29 10:18:00,2023-11-01 15:53:00,49,125,37,Regular
1,1033.34,25.83,800,2023-09-26 13:36:00,2023-09-26 13:36:00,39,0,73,Regular
12,4331.79,11.31,3644,2022-12-05 11:10:00,2023-10-23 12:46:00,246,322,47,VIP
26,12627.94,35.27,5630,2022-12-08 09:07:00,2023-12-06 15:36:00,95,363,2,VIP
2,225.85,17.37,162,2023-10-11 14:39:00,2023-10-13 13:44:00,13,1,56,Regular
3,700.63,16.29,422,2023-04-20 10:04:00,2023-10-17 12:33:00,40,180,53,Regular
2,523.11,15.85,142,2023-01-28 15:29:00,2023-11-25 14:24:00,29,300,13,Regular
3,734.37,4.71,387,2022-12-01 13:17:00,2023-12-07 14:43:00,133,371,1,Regular
1,81.57,20.39,55,2023-10-14 13:49:00,2023-10-14 13:49:00,4,0,55,Regular
8,1702.26,16.53,781,2023-03-20 14:38:00,2023-10-05 12:09:00,69,198,65,Frequent
3,572.45,21.2,165,2023-01-26 09:27:00,2023-09-26 17:01:00,25,243,73,Regular
2,126.25,18.04,27,2023-03-04 13:27:00,2023-11-18 09:42:00,5,258,21,Regular
6,2965.69,21.81,1396,2023-01-10 13:20:00,2023-10-21 10:55:00,128,283,49,VIP
1,122.7,17.53,36,2023-10-07 10:22:00,2023-10-07 10:22:00,7,0,63,Regular
8,2552.21,15.75,1731,2022-12-16 17:37:00,2023-11-23 10:01:00,98,341,16,VIP
3,840.21,33.61,463,2023-07-15 10:33:00,2023-11-17 11:54:00,22,125,22,Regular
4,2106.84,67.96,1220,2023-03-10 11:56:00,2023-09-14 11:26:00,23,187,86,High Value
1,122.75,15.34,23,2023-09-22 18:24:00,2023-09-22 18:24:00,8,0,77,Regular
3,640.76,32.04,304,2023-11-02 13:26:00,2023-12-08 18:51:00,14,36,0,Regular
1,563.15,18.77,211,2023-09-13 14:50:00,2023-09-13 14:50:00,30,0,86,Regular
4,1484.06,20.9,419,2023-03-25 12:10:00,2023-07-18 08:21:00,54,114,144,Regular
7,1280.85,51.23,175,2023-01-28 10:40:00,2023-10-27 16:34:00,10,272,42,Frequent
47,19766.59,13.38,9131,2022-12-06 11:26:00,2023-11-30 11:31:00,408,359,9,VIP
1,139.05,15.45,43,2023-04-14 19:16:00,2023-04-14 19:16:00,9,0,238,At Risk
8,1465.51,6.54,602,2022-12-08 12:36:00,2023-12-06 14:35:00,156,363,2,Frequent
11,3611.31,8.24,1730,2023-03-08 15:07:00,2023-11-30 13:48:00,259,266,8,VIP
2,416.86,34.74,115,2023-04-12 09:35:00,2023-04-14 13:27:00,12,2,238,At Risk
2,178.96,19.88,88,2023-03-24 10:37:00,2023-12-06 12:19:00,9,257,3,Regular
5,2247.41,19.37,1532,2023-01-09 12:53:00,2023-09-22 11:49:00,88,255,78,High Value
1,178.39,7.43,55,2023-05-22 15:00:00,2023-05-22 15:00:00,24,0,200,At Risk
1,151.5,16.83,62,2023-04-01 11:20:00,2023-04-01 11:20:00,9,0,252,At Risk
1,46.95,23.48,2,2023-06-16 10:11:00,2023-06-16 10:11:00,2,0,176,Regular
2,256.44,32.06,144,2022-12-01 15:27:00,2022-12-01 15:28:00,8,0,372,At Risk
2,652.8,163.2,256,2023-01-26 08:38:00,2023-07-12 12:19:00,2,167,150,Regular
1,232.21,7.74,130,2023-06-03 11:42:00,2023-06-03 11:42:00,30,0,189,At Risk
3,455.59,37.97,361,2023-02-24 09:36:00,2023-08-31 11:25:00,11,188,100,Regular
5,2795.33,7.99,1531,2023-03-06 11:50:00,2023-11-18 16:07:00,227,257,20,High Value
1,1384.25,41.95,534,2023-05-18 11:59:00,2023-05-18 11:59:00,32,0,205,At Risk
1,52.83,4.06,33,2023-09-19 13:45:00,2023-09-19 13:45:00,13,0,80,Regular
1,152.55,21.79,45,2023-03-18 12:21:00,2023-03-18 12:21:00,7,0,266,At Risk
4,701.4,17.98,290,2023-04-14 14:54:00,2023-11-21 16:35:00,35,221,17,Regular
10,1652.18,3.88,1501,2023-05-19 13:28:00,2023-12-01 14:03:00,248,196,7,Frequent
6,21429.39,108.78,11421,2022-12-12 11:44:00,2023-11-17 10:52:00,132,339,22,VIP
2,653.35,17.19,355,2023-02-23 08:29:00,2023-07-28 11:35:00,38,155,134,Regular
6,5976.79,170.77,6942,2023-01-17 13:09:00,2023-09-27 12:28:00,15,252,73,VIP
1,327.3,18.18,256,2023-11-21 08:19:00,2023-11-21 08:19:00,18,0,18,Regular
3,84.65,7.05,41,2023-02-25 13:05:00,2023-10-10 15:39:00,12,227,59,Regular
9,1600.86,17.79,1050,2022-12-09 09:49:00,2023-11-14 16:58:00,55,340,24,Frequent
1,309.54,20.64,114,2023-05-31 15:32:00,2023-05-31 15:32:00,15,0,191,At Risk
2,1145.6,33.69,536,2023-03-11 13:34:00,2023-03-11 15:22:00,17,0,272,At Risk
11,9068.26,101.89,4252,2022-12-09 10:00:00,2023-12-07 13:14:00,28,363,1,VIP
3,1320.95,3.86,720,2023-02-01 14:01:00,2023-10-25 14:35:00,283,266,44,Regular
3,450.41,4.69,178,2022-12-17 17:23:00,2023-11-24 13:40:00,82,341,14,Regular
10,3124.72,5.88,1724,2022-12-13 14:16:00,2023-11-27 15:18:00,292,349,11,VIP
2,585.27,21.68,126,2023-08-10 11:23:00,2023-11-11 08:39:00,26,92,28,Regular
2,245.94,15.37,194,2023-03-10 15:21:00,2023-09-26 13:48:00,16,199,73,Regular
2,418.68,3.81,559,2023-11-18 12:08:00,2023-11-18 12:22:00,99,0,21,Regular
3,536.68,24.39,174,2022-12-08 12:51:00,2023-09-29 17:27:00,22,295,70,Regular
6,2274.14,15.37,932,2023-07-14 18:28:00,2023-12-06 11:05:00,122,144,3,VIP
1,309.4,23.8,120,2023-07-14 10:52:00,2023-07-14 10:52:00,13,0,148,Regular
4,1797.78,16.34,1224,2023-03-22 14:24:00,2023-11-28 13:54:00,97,250,10,Regular
1,890.85,18.95,489,2023-10-04 12:43:00,2023-10-04 12:43:00,47,0,66,Regular
1,316.26,17.57,162,2023-02-01 11:58:00,2023-02-01 11:58:00,18,0,311,At Risk
1,225.36,4.02,89,2023-11-20 12:30:00,2023-11-20 12:30:00,56,0,19,Regular
20,8694.26,34.5,6673,2022-12-02 10:17:00,2023-12-07 09:32:00,88,369,2,VIP
7,4478.53,19.47,2752,2023-07-22 13:59:00,2023-11-29 12:07:00,162,129,10,VIP
3,2511.69,21.65,952,2023-03-07 10:28:00,2023-10-03 09:45:00,115,209,67,High Value
1,100.9,33.63,22,2023-11-25 13:33:00,2023-11-25 13:33:00,3,0,13,Regular
1,559.12,21.5,171,2023-03-01 14:11:00,2023-03-01 14:11:00,26,0,282,At Risk
3,2134.01,20.32,1110,2023-07-19 15:55:00,2023-12-04 13:54:00,91,137,4,High Value
60,259657.3,602.45,64124,2022-12-07 16:42:00,2023-12-09 11:50:00,150,366,0,VIP
1,655.58,13.95,588,2023-11-15 12:42:00,2023-11-15 12:42:00,45,0,24,Regular
10,2079.68,12.38,1093,2023-01-31 14:02:00,2023-11-27 11:05:00,99,299,12,VIP
2,675.8,13.79,766,2023-01-14 10:10:00,2023-09-26 10:03:00,49,254,74,Regular
1,247.32,15.46,225,2023-11-29 08:07:00,2023-11-29 08:07:00,16,0,10,Regular
2,160.35,16.04,153,2023-05-03 16:35:00,2023-07-22 12:08:00,10,79,140,Regular
4,740.94,16.11,672,2022-12-15 13:37:00,2023-08-04 14:01:00,34,232,126,Regular
1,290.36,19.36,106,2023-06-21 12:02:00,2023-06-21 12:02:00,15,0,171,Regular
1,475.86,10.57,160,2023-06-21 11:19:00,2023-06-21 11:19:00,41,0,171,Regular
2,511.35,18.26,325,2023-03-28 14:59:00,2023-11-16 14:20:00,28,232,22,Regular
3,1259.43,7.0,639,2023-11-14 17:40:00,2023-11-27 13:35:00,148,12,11,Regular
2,490.33,3.89,368,2023-11-22 11:18:00,2023-12-08 11:53:00,122,16,1,Regular
1,246.04,16.4,179,2023-04-12 13:10:00,2023-04-12 13:10:00,15,0,240,At Risk
1,84.3,16.86,11,2023-02-09 13:50:00,2023-02-09 13:50:00,5,0,302,At Risk
1,151.04,11.62,130,2023-11-07 15:49:00,2023-11-07 15:49:00,13,0,31,Regular
2,758.92,13.8,716,2023-03-21 13:01:00,2023-09-13 14:53:00,55,176,86,Regular
1,289.96,32.22,220,2023-07-04 13:19:00,2023-07-04 13:19:00,9,0,157,Regular
1,1714.96,114.33,728,2023-10-07 15:13:00,2023-10-07 15:13:00,15,0,62,Regular
4,1340.7,16.15,897,2023-02-22 14:55:00,2023-08-12 12:41:00,71,170,119,Regular
1,458.92,17.65,314,2022-12-10 10:21:00,2022-12-10 10:21:00,26,0,364,At Risk
1,426.63,20.32,139,2023-10-03 14:52:00,2023-10-03 14:52:00,21,0,66,Regular
3,4599.42,76.66,2572,2023-02-01 12:03:00,2023-07-24 10:54:00,55,172,138,High Value
2,2209.85,51.39,919,2023-02-16 10:53:00,2023-07-14 10:41:00,37,147,148,High Value
3,1390.5,57.94,1574,2023-02-16 12:13:00,2023-07-29 11:45:00,23,162,133,Regular
4,1594.23,21.26,493,2023-03-11 13:56:00,2023-06-29 15:33:00,72,110,162,Regular
3,414.04,19.72,191,2023-06-09 19:40:00,2023-10-05 13:10:00,18,117,64,Regular
1,106.83,15.26,81,2023-01-25 11:59:00,2023-01-25 11:59:00,7,0,318,At Risk
3,335.03,3.64,184,2022-12-12 12:08:00,2023-10-25 13:20:00,77,317,44,Regular
1,203.87,50.97,241,2023-05-04 13:22:00,2023-05-04 13:22:00,4,0,218,At Risk
1,35.8,35.8,4,2023-02-01 16:18:00,2023-02-01 16:18:00,1,0,310,At Risk
11,4196.01,40.74,1275,2022-12-05 15:38:00,2023-12-07 14:34:00,42,366,1,VIP
1,426.6,26.66,188,2023-05-10 13:22:00,2023-05-10 13:22:00,16,0,212,At Risk
2,632.07,17.08,371,2023-03-10 10:08:00,2023-04-26 15:26:00,36,47,226,At Risk
10,1863.76,5.28,1215,2023-03-08 15:45:00,2023-12-07 14:01:00,211,273,1,Frequent
6,3100.09,20.13,1646,2023-04-18 10:04:00,2023-09-05 15:56:00,108,140,94,VIP
1,394.38,20.76,140,2023-11-14 13:51:00,2023-11-14 13:51:00,19,0,24,Regular
6,4147.96,17.73,3044,2023-03-30 11:48:00,2023-11-20 10:15:00,188,234,19,VIP
2,1021.48,24.32,1376,2022-12-23 14:06:00,2023-10-24 15:05:00,40,305,45,Regular
2,1269.1,27.59,672,2023-09-12 11:25:00,2023-10-03 13:49:00,44,21,66,Regular
1,166.08,20.76,150,2023-11-18 14:52:00,2023-11-18 14:52:00,8,0,20,Regular
2,218.25,19.84,73,2023-02-28 10:40:00,2023-05-22 14:40:00,11,83,200,At Risk
7,2092.32,27.53,1134,2023-06-16 09:15:00,2023-12-09 09:08:00,63,175,0,VIP
2,173.16,21.65,60,2023-09-30 10:44:00,2023-10-20 14:33:00,8,20,49,Regular
1,297.0,21.21,308,2023-11-21 12:18:00,2023-11-21 12:18:00,14,0,18,Regular
2,729.54,19.2,366,2023-01-27 13:29:00,2023-06-05 11:36:00,36,128,187,At Risk
2,920.1,57.51,176,2023-01-18 08:46:00,2023-10-30 11:42:00,15,285,40,Regular
1,329.36,4.39,457,2023-12-06 11:58:00,2023-12-06 11:58:00,72,0,3,Regular
2,453.0,18.12,260,2022-12-09 10:33:00,2023-03-27 11:59:00,23,108,257,At Risk
3,816.73,24.75,145,2023-01-25 14:00:00,2023-05-12 11:57:00,23,106,211,At Risk
7,1926.65,8.23,945,2023-01-05 13:40:00,2023-12-08 13:45:00,154,337,0,Frequent
1,151.5,4.09,96,2023-11-17 15:08:00,2023-11-17 15:08:00,37,0,21,Regular
4,414.76,15.36,240,2023-02-14 14:29:00,2023-11-16 15:49:00,26,275,22,Regular
9,4642.57,16.35,2133,2022-12-02 11:57:00,2023-11-29 13:49:00,135,362,9,VIP
1,178.26,9.9,43,2023-11-21 12:59:00,2023-11-21 12:59:00,18,0,17,Regular
1,312.98,34.78,182,2023-10-06 08:25:00,2023-10-06 08:25:00,9,0,64,Regular
8,2527.92,19.3,1896,2023-01-31 11:25:00,2023-11-15 09:41:00,120,287,24,VIP
2,833.78,13.45,826,2023-05-11 12:53:00,2023-06-15 12:39:00,62,34,177,Regular
13,9785.97,29.04,5490,2023-01-17 12:45:00,2023-12-05 14:51:00,166,322,3,VIP
2,3192.54,96.74,1964,2023-11-01 12:45:00,2023-12-02 16:32:00,32,31,6,High Value
2,315.06,17.5,154,2023-05-25 09:18:00,2023-07-08 08:45:00,16,43,154,Regular
1,598.73,4.68,281,2023-11-15 14:48:00,2023-11-15 14:48:00,128,0,23,Regular
1,110.95,36.98,21,2023-01-11 11:15:00,2023-01-11 11:15:00,3,0,332,At Risk
9,2332.15,16.78,1211,2023-01-10 15:51:00,2023-10-12 09:10:00,121,274,58,VIP
2,225.58,18.8,138,2023-05-22 10:53:00,2023-09-28 15:02:00,10,129,71,Regular
1,403.25,80.65,43,2022-12-08 13:08:00,2022-12-08 13:08:00,5,0,365,At Risk
1,475.37,16.39,235,2023-02-03 17:01:00,2023-02-03 17:01:00,29,0,308,At Risk
2,272.07,20.93,109,2023-05-31 13:50:00,2023-10-06 13:41:00,13,127,63,Regular
1,409.57,22.75,183,2023-03-24 16:23:00,2023-03-24 16:23:00,18,0,259,At Risk
2,1019.52,67.97,1276,2023-05-08 12:31:00,2023-07-05 13:19:00,9,58,156,Regular
1,300.42,14.31,238,2022-12-23 14:35:00,2022-12-23 14:35:00,21,0,350,At Risk
1,145.92,16.21,80,2023-02-24 10:34:00,2023-02-24 10:34:00,9,0,288,At Risk
8,1852.67,6.99,1135,2022-12-19 14:03:00,2023-08-28 11:01:00,153,251,103,Frequent
4,2291.19,21.82,1376,2023-06-24 13:35:00,2023-12-07 15:02:00,82,166,1,High Value
2,578.9,23.16,194,2023-01-27 14:35:00,2023-11-15 11:56:00,20,291,24,Regular
4,874.59,24.99,407,2023-10-27 14:56:00,2023-12-05 10:18:00,33,38,4,Regular
9,1540.42,30.2,504,2022-12-07 17:19:00,2023-11-22 11:24:00,45,349,17,Frequent
12,1927.32,80.31,1716,2022-12-06 10:34:00,2023-11-18 14:07:00,4,347,20,Frequent
1,369.2,18.46,184,2023-05-16 14:58:00,2023-05-16 14:58:00,20,0,206,At Risk
3,4188.0,18.86,1976,2023-05-11 13:20:00,2023-11-24 15:01:00,195,197,14,High Value
1,145.93,3.24,62,2022-12-08 12:06:00,2022-12-08 12:06:00,44,0,366,At Risk
1,161.64,23.09,156,2023-11-14 13:08:00,2023-11-14 13:08:00,7,0,24,Regular
1,457.34,17.59,281,2023-05-31 13:17:00,2023-05-31 13:17:00,26,0,191,At Risk
4,1824.37,24.65,1353,2023-05-17 16:23:00,2023-11-09 16:03:00,58,175,29,Regular
14,1964.3,10.39,835,2022-12-10 10:47:00,2023-11-13 11:30:00,121,338,26,Frequent
1,363.2,6.49,247,2023-11-10 15:32:00,2023-11-10 15:32:00,50,0,28,Regular
2,712.29,17.81,474,2023-06-16 12:55:00,2023-08-12 09:11:00,34,56,119,Regular
3,1567.48,18.66,710,2022-12-02 11:45:00,2023-11-10 16:58:00,70,343,28,Regular
1,112.75,14.09,29,2023-01-30 14:03:00,2023-01-30 14:03:00,8,0,312,At Risk
1,76.5,76.5,18,2023-07-29 15:12:00,2023-07-29 15:12:00,1,0,132,Regular
8,716.0,11.02,973,2022-12-17 13:56:00,2023-11-18 13:45:00,60,335,20,Frequent
8,5891.61,18.35,4253,2022-12-13 10:31:00,2023-11-09 13:54:00,255,331,29,VIP
3,1200.62,16.45,634,2022-12-06 15:38:00,2023-08-31 13:31:00,57,267,99,Regular
3,981.18,18.87,680,2023-03-04 09:32:00,2023-11-10 10:40:00,46,251,29,Regular
2,606.91,17.34,334,2023-10-11 11:03:00,2023-12-06 14:40:00,35,56,2,Regular
10,3957.43,13.02,1850,2023-01-23 11:15:00,2023-11-27 11:18:00,200,308,12,VIP
1,6.2,3.1,2,2023-10-07 09:19:00,2023-10-07 09:19:00,2,0,63,Regular
1,257.23,13.54,209,2023-04-01 10:05:00,2023-04-01 10:05:00,19,0,252,At Risk
12,5719.82,68.09,4600,2022-12-14 13:58:00,2023-06-29 15:42:00,62,197,162,VIP
10,2712.91,17.28,1307,2022-12-06 10:43:00,2023-11-10 09:52:00,86,338,29,VIP
2,1189.59,19.19,536,2023-02-09 14:44:00,2023-11-21 09:11:00,51,284,18,Regular
2,222.4,5.56,87,2023-07-19 13:05:00,2023-11-28 13:37:00,37,132,10,Regular
3,1013.26,21.56,552,2023-08-24 09:23:00,2023-11-14 15:03:00,39,82,24,Regular
2,283.47,4.23,354,2023-04-06 10:07:00,2023-09-28 16:07:00,67,175,71,Regular
1,270.8,10.83,87,2023-10-02 12:04:00,2023-10-02 12:04:00,25,0,68,Regular
4,225.26,2.68,291,2023-03-18 12:26:00,2023-07-01 13:07:00,74,105,160,Regular
9,2993.1,18.03,1310,2023-01-13 15:13:00,2023-12-01 08:33:00,119,321,8,VIP
3,1516.24,27.57,530,2023-03-24 11:38:00,2023-06-30 10:09:00,25,97,162,Regular
22,8347.2,15.15,7050,2022-12-09 10:04:00,2023-12-05 09:04:00,292,360,4,VIP
4,2861.55,12.95,2625,2023-01-31 12:10:00,2023-11-27 11:22:00,174,299,12,High Value
2,152.4,30.48,144,2023-01-07 13:30:00,2023-06-07 15:03:00,3,151,184,At Risk
1,534.31,3.79,486,2023-08-24 14:53:00,2023-08-24 14:53:00,124,0,106,Regular
7,2064.95,17.8,1080,2023-03-20 10:17:00,2023-11-23 17:10:00,82,248,15,VIP
2,466.73,4.28,237,2023-03-22 13:46:00,2023-10-04 15:21:00,101,196,65,Regular
4,1048.28,3.99,671,2023-03-20 13:28:00,2023-10-24 14:36:00,218,218,45,Regular
2,163.62,18.18,210,2023-11-09 15:36:00,2023-12-04 11:32:00,9,24,5,Regular
1,560.67,16.49,324,2023-04-10 15:25:00,2023-04-10 15:25:00,34,0,242,At Risk
18,6680.11,15.05,4660,2022-12-16 11:43:00,2023-12-05 12:33:00,234,354,4,VIP
4,2724.81,26.2,1127,2023-06-07 09:49:00,2023-11-18 11:27:00,77,164,21,High Value
1,65.13,2.25,38,2023-02-27 10:13:00,2023-02-27 10:13:00,29,0,285,At Risk
1,353.27,29.44,121,2023-12-01 11:20:00,2023-12-01 11:20:00,12,0,8,Regular
4,1258.08,5.52,820,2022-12-06 12:55:00,2023-11-28 13:06:00,166,357,10,Regular
3,207.74,18.89,60,2023-07-01 12:34:00,2023-07-22 10:06:00,10,20,140,Regular
32,4124.69,21.94,1801,2023-04-01 13:47:00,2023-12-07 16:24:00,92,250,1,VIP
2,500.42,15.16,370,2023-07-05 13:38:00,2023-11-24 16:31:00,31,142,14,Regular
4,867.38,12.22,521,2023-01-12 13:27:00,2023-11-15 12:10:00,60,306,24,Regular
4,1420.2,15.27,938,2022-12-06 11:03:00,2023-10-17 10:10:00,84,314,53,Regular
2,399.19,19.01,255,2023-10-27 10:40:00,2023-12-06 16:41:00,15,40,2,Regular
2,172.29,24.61,127,2023-05-20 14:54:00,2023-05-20 14:58:00,6,0,202,At Risk
1,189.5,18.95,82,2023-06-16 13:48:00,2023-06-16 13:48:00,10,0,175,Regular
5,1427.57,7.59,1163,2022-12-07 14:31:00,2023-11-24 12:48:00,145,351,15,Regular
2,486.69,24.33,433,2023-09-30 12:30:00,2023-11-17 15:34:00,17,48,21,Regular
2,7829.89,217.5,2055,2023-03-17 07:40:00,2023-09-21 09:06:00,31,188,79,High Value
37,16587.09,23.04,9526,2022-12-01 15:06:00,2023-11-30 16:22:00,233,364,8,VIP
13,4684.76,18.09,3662,2023-05-03 10:30:00,2023-12-08 09:23:00,145,218,1,VIP
6,1175.38,15.67,874,2023-04-07 12:04:00,2023-08-07 14:16:00,64,122,123,Frequent
1,480.38,3.64,286,2023-10-19 15:08:00,2023-10-19 15:08:00,121,0,50,Regular
2,333.97,19.65,70,2023-04-08 12:20:00,2023-07-08 10:20:00,15,90,154,Regular
2,621.29,12.68,711,2023-04-19 15:46:00,2023-09-25 12:54:00,47,158,74,Regular
7,4582.64,26.8,2668,2023-02-24 09:28:00,2023-10-27 14:40:00,102,245,42,VIP
3,849.06,4.33,788,2023-10-07 11:55:00,2023-11-28 12:44:00,157,52,11,Regular
3,1226.88,20.11,829,2023-06-23 13:51:00,2023-09-26 10:16:00,43,94,74,Regular
1,38.1,12.7,30,2022-12-02 09:37:00,2022-12-02 09:37:00,3,0,372,At Risk
11,5655.99,23.09,3072,2023-03-17 10:38:00,2023-11-17 12:00:00,171,245,22,VIP
5,2178.67,23.94,1280,2023-03-31 12:51:00,2023-10-31 12:43:00,78,213,39,High Value
2,703.36,20.1,329,2023-09-14 13:54:00,2023-11-08 14:53:00,35,55,30,Regular
3,1255.0,251.0,3700,2022-12-08 15:10:00,2023-09-08 12:58:00,3,273,91,Regular
1,298.11,18.63,207,2023-03-21 11:52:00,2023-03-21 11:52:00,16,0,263,At Risk
1,345.82,16.47,466,2023-11-11 15:54:00,2023-11-11 15:54:00,21,0,27,Regular
1,133.35,16.67,32,2023-02-08 17:16:00,2023-02-08 17:16:00,8,0,303,At Risk
2,376.64,12.99,428,2023-05-11 11:34:00,2023-10-12 08:56:00,28,153,58,Regular
41,16225.39,76.53,6149,2023-01-11 12:29:00,2023-12-08 13:22:00,80,331,0,VIP
2,1628.12,21.14,944,2022-12-20 09:37:00,2023-01-28 15:45:00,72,39,314,At Risk
5,1253.36,104.45,367,2022-12-08 13:30:00,2023-10-18 12:56:00,9,313,51,Regular
11,5228.05,21.6,3466,2023-01-06 09:00:00,2023-10-26 13:36:00,141,293,43,VIP
1,704.04,37.05,262,2023-09-26 15:35:00,2023-09-26 15:35:00,19,0,73,Regular
5,2062.7,24.56,1472,2022-12-15 15:45:00,2023-11-04 14:24:00,59,323,34,High Value
4,675.64,4.44,332,2022-12-02 15:46:00,2023-06-15 12:01:00,131,194,177,Regular
3,380.02,8.44,256,2023-05-11 13:06:00,2023-10-23 15:54:00,38,165,46,Regular
2,971.74,14.95,800,2023-11-21 16:36:00,2023-11-21 16:36:00,65,0,17,Regular
7,1771.2,161.02,672,2023-10-10 11:12:00,2023-11-25 15:15:00,4,46,13,Frequent
3,316.11,17.56,196,2023-01-07 10:55:00,2023-06-28 09:10:00,18,171,164,Regular
23,26879.04,497.76,19256,2022-12-09 11:35:00,2023-12-05 13:13:00,19,361,3,VIP
1,130.74,11.89,134,2023-10-24 15:19:00,2023-10-24 15:19:00,11,0,45,Regular
2,195.55,15.04,92,2023-02-25 14:03:00,2023-10-04 14:31:00,13,221,65,Regular
2,1013.04,26.66,486,2023-09-01 17:45:00,2023-09-22 13:00:00,38,20,77,Regular
3,1298.66,5.65,952,2023-07-20 13:53:00,2023-11-20 12:11:00,152,122,19,Regular
1,110.97,9.25,24,2023-04-10 11:58:00,2023-04-10 11:58:00,12,0,243,At Risk
1,333.74,66.75,297,2023-03-17 12:18:00,2023-03-17 12:18:00,5,0,267,At Risk
1,957.97,21.29,339,2023-09-29 09:53:00,2023-09-29 09:53:00,45,0,71,Regular
1,361.54,9.51,80,2023-03-24 13:41:00,2023-03-24 13:41:00,33,0,259,At Risk
2,657.16,6.64,364,2023-10-03 11:34:00,2023-12-01 13:41:00,94,59,7,Regular
1,321.79,5.65,93,2022-12-02 13:49:00,2022-12-02 13:49:00,56,0,371,At Risk
1,225.12,5.63,147,2023-10-27 16:23:00,2023-10-27 16:23:00,39,0,42,Regular
2,876.42,16.85,490,2023-01-20 15:00:00,2023-04-21 14:21:00,49,90,231,At Risk
3,881.07,18.36,431,2023-03-28 15:42:00,2023-07-24 15:46:00,44,118,137,Regular
2,1090.24,16.03,566,2023-03-17 09:49:00,2023-09-23 12:40:00,65,190,77,Regular
11,4257.82,69.8,2678,2023-01-10 09:48:00,2023-11-16 16:20:00,34,310,22,VIP
3,3049.88,10.0,2169,2023-02-23 12:27:00,2023-10-18 13:15:00,226,237,51,High Value
2,77.4,25.8,84,2023-11-24 13:40:00,2023-11-29 13:21:00,2,4,9,Regular
1,225.6,20.51,94,2023-01-20 13:49:00,2023-01-20 13:49:00,11,0,322,At Risk
1,283.55,13.5,164,2023-09-29 17:52:00,2023-09-29 17:52:00,21,0,70,Regular
1,43.2,14.4,32,2023-11-21 08:57:00,2023-11-21 08:57:00,3,0,18,Regular
1,307.72,14.65,336,2023-06-07 15:04:00,2023-06-07 15:04:00,21,0,184,At Risk
4,1281.32,18.3,770,2023-10-19 16:05:00,2023-12-01 15:47:00,66,42,7,Regular
1,324.92,15.47,166,2023-05-31 14:14:00,2023-05-31 14:14:00,21,0,191,At Risk
3,711.86,25.42,363,2022-12-01 10:29:00,2023-12-02 12:32:00,25,366,7,Regular
4,986.48,20.13,843,2022-12-08 12:45:00,2023-11-22 10:34:00,43,348,17,Regular
1,349.27,16.63,199,2023-02-02 13:16:00,2023-02-02 13:16:00,21,0,309,At Risk
2,1186.35,19.77,800,2023-05-19 10:16:00,2023-10-25 15:36:00,57,159,44,Regular
13,4745.69,17.51,2704,2023-06-05 15:36:00,2023-11-30 12:32:00,196,177,9,VIP
2,355.05,7.4,167,2023-07-11 11:58:00,2023-10-26 15:39:00,40,107,43,Regular
10,3237.54,18.82,1391,2022-12-01 08:34:00,2023-11-08 12:06:00,106,342,31,VIP
2,770.03,17.91,786,2023-09-28 08:48:00,2023-10-28 10:45:00,43,30,42,Regular
3,553.44,34.59,264,2023-01-06 11:59:00,2023-11-30 13:45:00,10,328,8,Regular
7,2154.97,76.96,1981,2023-04-13 14:17:00,2023-12-01 13:40:00,8,231,7,VIP
4,1475.81,73.79,519,2023-04-06 14:23:00,2023-08-01 12:57:00,17,116,129,Regular
3,1384.86,37.43,382,2023-08-26 11:40:00,2023-11-16 15:56:00,24,82,22,Regular
1,91.68,18.34,105,2023-11-10 11:53:00,2023-11-10 11:53:00,5,0,29,Regular
4,1066.15,30.46,565,2023-04-15 14:14:00,2023-11-09 10:16:00,30,207,30,Regular
5,310.06,8.38,184,2022-12-10 11:11:00,2023-02-02 14:25:00,35,54,309,At Risk
6,319.5,19.97,169,2022-12-02 13:45:00,2023-02-01 14:46:00,12,61,310,At Risk
1,379.14,21.06,436,2023-09-28 16:45:00,2023-09-28 16:45:00,18,0,71,Regular
4,869.46,15.25,800,2023-04-11 14:40:00,2023-11-30 10:45:00,56,232,9,Regular
5,1257.68,30.68,417,2023-04-13 09:32:00,2023-12-05 10:19:00,30,236,4,Regular
3,350.82,3.58,273,2023-06-19 13:51:00,2023-07-06 11:22:00,67,16,156,Regular
2,159.85,19.98,101,2023-06-22 11:35:00,2023-07-13 08:48:00,8,20,149,Regular
6,1122.36,4.33,673,2022-12-03 14:18:00,2023-11-29 15:23:00,193,361,9,Frequent
16,3352.96,15.97,2035,2022-12-08 16:34:00,2023-12-01 16:31:00,99,357,7,VIP
1,773.55,6.34,325,2023-01-25 13:38:00,2023-01-25 13:38:00,120,0,317,At Risk
9,6868.29,20.56,3997,2022-12-17 15:58:00,2023-11-24 13:17:00,228,341,14,VIP
8,965.16,6.94,437,2022-12-06 11:38:00,2023-10-30 11:25:00,105,327,40,Frequent
5,5112.96,113.62,2364,2022-12-02 10:17:00,2023-11-18 09:43:00,24,350,21,High Value
1,120.03,2.61,157,2023-12-05 14:49:00,2023-12-05 14:49:00,46,0,3,Regular
2,517.36,16.17,192,2023-09-26 12:02:00,2023-11-03 13:22:00,30,38,35,Regular
