CustomerID,LastPurchaseDate,Frequency,Monetary,Recency,R_Score,F_Score,M_Score,RFM_Score
17785,2023-10-17 13:43:00,1,131.94,52,3,2,1,321
14320,2023-05-17 09:24:00,2,477.79,206,1,3,2,132
15977,2023-11-22 13:29:00,2,1054.73,16,4,3,4,434
12364,2023-12-02 10:22:00,4,1313.1,7,5,4,4,544
14566,2023-08-21 11:05:00,1,1432.0,110,2,1,4,214
13521,2023-12-08 13:50:00,3,1071.73,0,5,3,4,534
12515,2022-12-21 15:43:00,1,383.7,352,1,1,2,112
15528,2023-03-30 16:14:00,1,229.33,253,1,1,1,111
15071,2023-09-07 11:43:00,2,982.07,93,2,3,4,234
16275,2023-05-27 12:41:00,1,559.87,196,1,2,3,123
15572,2023-12-05 10:09:00,7,2533.42,4,5,5,5,555
16029,2023-11-01 10:27:00,63,80850.84,38,3,5,5,355
13772,2023-11-06 11:43:00,3,1122.63,33,3,3,4,334
18033,2023-10-05 17:28:00,1,93.82,64,3,2,1,321
14544,2023-11-15 15:06:00,2,2004.3,23,4,3,4,434
13495,2023-12-02 11:21:00,5,2044.87,7,5,4,4,544
17374,2023-05-05 09:05:00,2,495.77,218,1,3,3,133
16841,2023-11-03 11:51:00,6,1869.82,36,3,5,4,354
12818,2023-03-23 12:06:00,1,1542.08,261,1,1,4,114
17556,2023-05-18 10:48:00,1,157.9,205,1,2,1,121
17706,2023-12-05 13:34:00,17,10504.49,3,5,5,5,555
13334,2023-09-18 15:21:00,3,3502.32,81,2,3,5,235
16555,2023-11-04 14:31:00,2,285.89,34,3,3,2,332
15750,2023-12-07 12:34:00,8,2463.05,2,5,5,5,555
15245,2023-07-28 18:56:00,3,2515.84,133,2,3,5,235
14850,2023-02-01 11:21:00,1,325.75,311,1,1,2,112
12480,2023-11-11 14:52:00,4,3281.63,27,4,4,5,445
16025,2023-11-10 11:45:00,1,439.66,29,4,2,2,422
12721,2023-11-08 12:13:00,6,2656.13,31,4,5,5,455
14333,2023-10-03 10:38:00,1,415.2,67,3,1,2,312
15976,2023-06-27 13:00:00,2,427.64,164,2,3,2,232
14346,2023-08-11 09:47:00,2,1021.58,120,2,3,4,234
17447,2023-10-30 14:18:00,2,541.53,39,3,3,3,333
16978,2023-09-23 12:50:00,1,344.33,77,2,2,2,222
13460,2023-11-10 17:17:00,2,183.44,28,4,2,1,421
14462,2023-10-04 15:55:00,11,1980.57,65,3,5,4,354
15159,2023-12-08 12:05:00,30,18641.01,1,5,5,5,555
15201,2023-09-13 14:53:00,5,1236.54,86,2,4,4,244
15088,2023-11-18 13:14:00,2,1160.07,20,4,3,4,434
12704,2023-12-02 13:15:00,8,2340.84,6,5,5,5,555
12955,2023-12-08 16:29:00,11,4757.16,0,5,5,5,555
17839,2023-10-28 17:27:00,1,318.15,41,3,2,2,322
17109,2023-11-10 16:59:00,6,881.29,28,4,5,3,453
14059,2023-03-18 10:06:00,1,183.6,266,1,1,1,111
14019,2023-10-24 10:13:00,3,1421.61,46,3,3,4,334
16858,2022-12-06 09:52:00,1,375.69000000000005,368,1,2,2,122
15054,2023-11-27 15:02:00,2,302.1,11,5,3,2,532
15653,2023-09-08 10:49:00,2,877.44,92,2,3,3,233
14104,2023-07-08 12:50:00,2,216.21,154,2,3,1,231
16150,2023-10-28 12:39:00,5,2053.02,42,3,4,4,344
15381,2023-05-10 11:55:00,2,596.85,213,1,3,3,133
17158,2023-11-07 15:15:00,3,1266.97,31,4,4,4,444
13171,2023-11-18 10:27:00,3,468.41,21,4,3,2,432
14960,2023-12-01 12:54:00,2,221.27,7,5,3,1,531
13510,2023-12-08 13:46:00,4,1791.56,0,5,4,4,544
15319,2023-03-01 12:48:00,1,204.5,283,1,1,1,111
16160,2023-10-05 14:19:00,2,1025.44,64,3,3,4,334
14367,2023-12-01 13:19:00,16,9227.82,7,5,5,5,555
12526,2023-12-09 12:09:00,3,1316.66,0,5,3,4,534
16358,2023-12-08 15:09:00,4,2027.5,0,5,4,4,544
14538,2023-10-06 10:31:00,2,388.25,64,3,3,2,332
14100,2023-07-25 11:01:00,1,191.95,137,2,1,1,211
13652,2023-10-25 08:51:00,3,1095.08,45,3,3,4,334
16898,2023-11-13 15:44:00,3,501.03,25,4,4,3,443
16293,2023-11-18 09:58:00,10,2248.99,21,4,5,5,455
16499,2022-12-14 13:31:00,2,365.45,359,1,3,2,132
16102,2023-10-28 13:19:00,3,1842.14,41,3,4,4,344
14527,2023-12-07 12:19:00,55,8507.13,2,5,5,5,555
16131,2023-10-19 11:53:00,6,3506.54,51,3,5,5,355
17761,2023-11-07 10:23:00,1,712.78,32,4,2,3,423
15468,2023-10-19 13:49:00,2,467.51,50,3,3,2,332
12683,2023-12-05 16:31:00,15,8476.57,3,5,5,5,555
12566,2023-09-14 14:30:00,1,351.65,85,2,1,2,212
17574,2023-04-11 09:47:00,1,185.65,242,1,2,1,121
13430,2023-11-21 08:19:00,2,679.45,18,4,2,3,423
18159,2023-02-11 14:26:00,1,530.15,300,1,2,3,123
12432,2023-10-28 11:43:00,5,5059.32,42,3,4,5,345
16103,2023-12-02 14:16:00,6,1429.64,6,5,5,4,554
14356,2023-09-21 09:18:00,2,701.23,79,2,3,3,233
16715,2023-09-22 18:15:00,1,301.72,77,2,2,2,222
17999,2023-11-02 15:56:00,2,380.39,36,3,3,2,332
17080,2023-11-17 12:59:00,2,287.62,21,4,3,2,432
14002,2023-07-28 15:55:00,2,529.73,133,2,3,3,233
12725,2022-12-03 15:45:00,1,427.8,370,1,1,2,112
12532,2023-11-09 13:47:00,1,349.83000000000004,29,4,1,2,412
16333,2023-12-02 12:19:00,22,26626.8,7,5,5,5,555
15917,2023-04-06 10:40:00,1,123.1,247,1,2,1,121
15942,2023-07-29 09:01:00,1,337.44,133,2,2,2,222
16768,2023-10-23 10:38:00,3,478.09,47,3,4,2,342
15117,2023-11-25 08:12:00,5,1551.78,14,4,4,4,444
13532,2023-11-06 12:25:00,1,210.31,33,3,1,1,311
15797,2023-08-18 17:04:00,4,2207.4,112,2,4,5,245
15353,2023-03-30 12:15:00,2,770.12,254,1,3,3,133
13321,2023-09-28 15:24:00,2,567.36,71,3,2,3,323
12919,2023-12-01 13:47:00,6,1335.19,7,5,5,4,554
12875,2023-07-19 15:30:00,2,343.2300000000001,142,2,2,2,222
17658,2023-11-14 12:07:00,2,595.42,25,4,3,3,433
15005,2023-11-24 12:25:00,28,6295.37,15,4,5,5,455
17849,2023-05-05 13:46:00,4,605.8000000000001,217,1,4,3,143
17768,2023-12-01 13:22:00,3,2081.9,7,5,4,5,545
12712,2023-11-11 08:19:00,13,4396.13,28,4,5,5,455
14856,2023-11-03 14:53:00,3,1290.53,35,3,3,4,334
14601,2023-11-29 09:48:00,1,213.96,10,5,1,1,511
17863,2023-10-11 13:45:00,6,3160.0,58,3,5,5,355
12890,2023-11-15 17:26:00,1,376.72,23,4,1,2,412
16698,2023-04-27 10:52:00,2,1998.0,226,1,3,4,134
15330,2023-11-07 17:50:00,2,714.9599999999999,31,4,3,3,433
15147,2023-04-13 15:57:00,1,623.5,239,1,1,3,113
17656,2023-09-27 13:04:00,5,1674.69,72,2,4,4,244
14083,2023-12-05 13:14:00,9,1002.9,3,5,5,4,554
12544,2023-11-03 16:15:00,1,372.7,35,3,1,2,312
13563,2023-09-16 14:45:00,2,777.53,83,2,2,3,223
13727,2023-11-11 09:46:00,2,333.48,28,4,2,2,422
15405,2023-06-03 14:44:00,1,349.1,188,1,1,2,112
17585,2023-08-22 13:30:00,4,1116.68,108,2,4,4,244
13859,2023-01-17 16:14:00,1,201.16,325,1,1,1,111
15584,2023-11-16 10:55:00,4,720.86,23,4,4,3,443
18055,2023-12-02 14:25:00,10,6761.34,6,5,5,5,555
14257,2023-10-06 16:54:00,5,3099.7200000000003,63,3,4,5,345
13354,2023-09-29 13:17:00,1,743.53,70,3,1,3,313
18095,2023-01-31 12:50:00,2,580.05,312,1,3,3,133
17345,2023-11-24 15:03:00,4,519.6899999999999,14,4,4,3,443
13014,2023-11-29 12:27:00,10,3466.28,10,5,5,5,555
14216,2023-12-06 14:56:00,4,1839.3,2,5,4,4,544
13774,2023-09-19 12:06:00,1,345.0,81,2,1,2,212
12937,2023-11-24 15:05:00,4,1504.27,14,4,4,4,444
14174,2023-11-06 13:17:00,1,134.46,32,4,1,1,411
12701,2023-09-21 10:47:00,2,797.71,79,2,2,3,223
13517,2023-10-11 11:43:00,3,2128.42,59,3,3,5,335
14577,2023-11-27 12:47:00,4,859.71,12,5,4,3,543
13140,2023-08-23 15:33:00,3,422.47,107,2,3,2,232
14404,2023-11-06 12:30:00,6,1449.32,33,3,5,4,354
12902,2023-03-20 12:06:00,1,138.68,264,1,1,1,111
14323,2023-08-17 11:37:00,2,605.0600000000001,114,2,3,3,233
14859,2023-11-27 11:18:00,4,1353.74,12,5,4,4,544
12463,2023-10-17 13:44:00,4,1344.78,52,3,4,4,344
16215,2023-09-20 10:18:00,1,242.35,80,2,2,1,221
16157,2023-11-24 11:41:00,3,656.69,15,4,4,3,443
15712,2023-11-30 14:09:00,5,1072.36,8,5,4,4,544
13265,2023-10-17 15:02:00,5,2092.66,52,3,4,5,345
13136,2023-10-14 13:41:00,5,2607.61,55,3,4,5,345
16092,2023-08-17 10:46:00,3,817.86,114,2,4,3,243
15707,2023-11-04 14:35:00,4,916.98,34,3,4,3,343
16470,2023-10-19 12:11:00,4,752.77,51,3,4,3,343
13062,2023-06-01 15:12:00,1,346.98,190,1,1,2,112
12535,2023-09-09 08:48:00,2,716.35,91,2,2,3,223
13531,2023-05-18 16:56:00,2,483.8,204,1,2,2,122
16332,2023-11-11 14:22:00,7,1582.8,27,4,5,4,454
17940,2023-10-21 13:27:00,10,4020.04,48,3,5,5,355
14415,2023-12-08 14:38:00,13,5855.57,0,5,5,5,555
13743,2023-12-07 10:09:00,7,1341.6,2,5,5,4,554
17827,2023-12-04 15:00:00,5,1987.33,4,5,4,4,544
17254,2023-12-05 12:46:00,2,271.19,4,5,3,2,532
18212,2023-01-17 16:14:00,1,216.07,325,1,2,1,121
16618,2023-11-08 13:52:00,5,2647.59,30,4,4,5,445
17775,2023-03-30 10:50:00,1,56.4,254,1,2,1,121
17566,2023-12-01 19:54:00,2,869.77,7,5,3,3,533
16743,2023-11-10 13:13:00,7,2213.13,28,4,5,5,455
17674,2023-09-26 13:35:00,2,551.04,73,2,3,3,233
15301,2023-10-20 09:57:00,12,5049.95,50,3,5,5,355
15885,2023-09-08 10:43:00,3,379.35,92,2,4,2,242
15571,2023-11-28 10:02:00,4,650.4300000000001,11,5,4,3,543
17180,2023-10-14 15:46:00,4,783.97,55,3,4,3,343
18255,2023-09-11 13:16:00,1,103.3,88,2,2,1,221
12724,2023-12-04 16:02:00,4,1031.41,4,5,4,4,544
18242,2023-09-28 13:43:00,4,2232.49,71,3,4,5,345
17495,2023-12-02 12:08:00,2,497.56,7,5,3,3,533
13005,2023-06-19 10:53:00,2,513.7,173,2,2,3,223
17364,2023-12-09 09:00:00,11,4462.68,0,5,5,5,555
15820,2023-01-24 12:00:00,1,206.98,319,1,2,1,121
15807,2023-10-20 14:10:00,3,903.9,49,3,4,3,343
16532,2023-11-22 11:08:00,3,6748.8,17,4,4,5,445
12497,2023-09-19 12:29:00,1,1043.1,81,2,1,4,214
13764,2023-09-30 12:03:00,3,1519.42,70,3,3,4,334
14693,2023-03-20 12:50:00,1,172.9,264,1,1,1,111
15695,2023-03-18 08:32:00,2,409.98,266,1,3,2,132
14480,2023-11-28 16:35:00,1,279.05,10,5,1,2,512
15814,2023-11-23 08:17:00,4,1945.33,16,4,4,4,444
17767,2023-11-24 14:42:00,1,271.2,14,4,2,2,422
14423,2023-05-05 15:12:00,1,265.2,217,1,1,2,112
14248,2023-01-25 14:45:00,1,302.58,317,1,1,2,112
18045,2023-10-25 13:07:00,1,178.34,44,3,2,1,321
16727,2022-12-10 13:48:00,1,256.32,363,1,2,2,122
16997,2023-02-24 17:28:00,3,702.0,287,1,4,3,143
16902,2023-08-15 14:17:00,1,1706.88,115,2,2,4,224
14286,2023-11-16 10:34:00,3,4628.75,23,4,3,5,435
13781,2023-04-03 12:08:00,1,127.84,250,1,1,1,111
12995,2023-09-15 15:44:00,1,211.32,84,2,1,1,211
15374,2023-08-03 09:59:00,1,168.0,128,2,1,1,211
13568,2023-06-19 14:42:00,1,187.05,172,2,1,1,211
15869,2023-03-07 17:23:00,2,149.64,276,1,3,1,131
17698,2023-03-24 11:34:00,1,154.95,260,1,2,1,121
13932,2023-02-18 12:02:00,1,307.4,294,1,1,2,112
17972,2023-04-12 12:16:00,1,135.19,241,1,2,1,121
13194,2023-07-27 09:01:00,1,60.7,135,2,1,1,211
17051,2023-05-29 14:13:00,1,240.89,193,1,2,1,121
16175,2023-09-06 14:32:00,4,1037.59,93,2,4,4,244
14867,2023-06-07 11:39:00,3,710.28,185,1,3,3,133
13305,2023-12-05 15:15:00,10,2000.86,3,5,5,4,554
14451,2023-10-10 13:38:00,2,643.9,59,3,3,3,333
13730,2023-07-27 08:35:00,2,752.6,135,2,2,3,223
15861,2023-11-27 15:59:00,8,3146.92,11,5,5,5,555
17609,2023-10-30 12:28:00,5,1105.78,40,3,4,4,344
18013,2023-07-07 14:11:00,2,187.29,154,2,3,1,231
16597,2023-12-05 15:44:00,1,90.04,3,5,2,1,521
14505,2023-11-22 15:45:00,8,5859.43,16,4,5,5,455
15537,2023-06-29 13:10:00,1,110.92,162,2,1,1,211
12410,2023-02-04 10:39:00,2,693.33,308,1,2,3,123
17926,2023-07-29 14:39:00,2,397.29,132,2,3,2,232
12951,2023-12-01 12:14:00,6,1064.07,8,5,5,4,554
15311,2023-12-09 12:00:00,91,60632.75,0,5,5,5,555
18006,2023-11-16 16:52:00,1,444.68,22,4,2,2,422
13755,2023-12-06 12:26:00,9,2108.06,3,5,5,5,555
15916,2023-11-23 13:46:00,8,1502.86,15,4,5,4,454
16372,2023-11-06 13:08:00,2,355.73,32,4,3,2,432
14598,2023-10-26 13:19:00,1,221.97,43,3,1,1,311
16624,2023-09-20 12:39:00,2,810.57,80,2,3,3,233
14581,2023-11-23 12:39:00,1,138.6,16,4,1,1,411
13134,2023-09-15 10:35:00,4,1793.58,85,2,4,4,244
14298,2023-12-01 13:12:00,44,51527.3,7,5,5,5,555
12534,2023-08-01 10:26:00,1,1089.18,130,2,1,4,214
15106,2023-11-22 09:16:00,5,1422.52,17,4,4,4,444
15364,2023-09-05 09:46:00,2,913.19,95,2,3,3,233
13939,2023-11-16 13:33:00,3,568.55,22,4,3,3,433
12556,2023-10-20 13:06:00,2,599.56,49,3,2,3,323
18109,2023-12-08 11:36:00,26,8004.92,1,5,5,5,555
16816,2023-08-28 14:16:00,4,417.06,102,2,4,2,242
17806,2023-11-28 14:12:00,1,546.04,10,5,2,3,523
14719,2023-12-08 12:43:00,5,1581.84,1,5,4,4,544
16748,2023-11-22 10:17:00,5,1515.9,17,4,4,4,444
18074,2022-12-01 09:53:00,1,489.6,373,1,2,3,123
15644,2023-06-26 14:54:00,4,803.54,165,2,4,3,243
13501,2023-02-24 18:59:00,1,1340.32,287,1,1,4,114
17841,2023-12-08 12:07:00,124,40519.84,1,5,5,5,555
16849,2023-06-06 09:16:00,1,124.57,186,1,2,1,121
14768,2023-11-22 12:54:00,2,192.6,16,4,3,1,431
13232,2023-11-27 10:39:00,7,1328.35,12,5,5,4,554
13950,2023-11-28 14:44:00,4,745.0600000000001,10,5,4,3,543
17582,2023-04-17 13:18:00,1,175.27,235,1,2,1,121
14409,2023-09-29 18:18:00,6,2059.4500000000003,70,3,5,5,355
13984,2023-11-13 12:38:00,5,920.51,26,4,4,3,443
12536,2023-10-27 14:20:00,3,12601.830000000002,42,3,3,5,335
15206,2023-11-29 13:41:00,4,420.3,9,5,4,2,542
12572,2023-12-01 09:20:00,2,1020.42,8,5,2,4,524
17718,2023-04-21 13:39:00,1,139.35,231,1,2,1,121
14514,2023-10-09 16:05:00,3,990.2,60,3,3,4,334
16718,2022-12-05 13:03:00,1,606.0500000000001,368,1,2,3,123
14034,2023-11-17 14:02:00,3,648.89,21,4,3,3,433
14023,2023-12-02 13:58:00,2,584.07,6,5,3,3,533
17454,2023-05-31 13:58:00,4,517.53,191,1,4,3,143
16208,2023-10-26 11:36:00,2,664.26,44,3,3,3,333
12942,2023-07-31 14:39:00,3,675.6,130,2,3,3,233
12355,2023-05-09 13:49:00,1,459.4,213,1,1,2,112
15938,2023-08-19 12:56:00,5,404.58,111,2,4,2,242
13166,2023-03-01 15:16:00,1,417.2,282,1,1,2,112
13117,2023-11-18 12:02:00,8,984.91,21,4,5,4,454
14242,2023-04-19 11:46:00,2,280.55,234,1,3,2,132
16536,2023-08-21 15:54:00,1,548.12,109,2,2,3,223
17165,2023-02-28 16:39:00,1,158.68,283,1,2,1,121
12812,2023-10-26 09:54:00,1,229.64,44,3,1,1,311
16424,2023-06-01 13:40:00,1,133.56,190,1,2,1,121
17651,2023-11-28 10:29:00,10,3945.0,11,5,5,5,555
16085,2023-11-16 13:24:00,5,981.51,22,4,4,4,444
16139,2023-11-21 08:37:00,3,635.4100000000001,18,4,4,3,443
15175,2023-09-29 11:31:00,1,224.14,71,3,1,1,311
14641,2023-11-18 10:42:00,1,110.46,21,4,1,1,411
17601,2023-04-14 18:02:00,1,116.01,238,1,2,1,121
12578,2023-11-18 13:30:00,2,2794.51,20,4,2,5,425
17571,2023-10-20 15:57:00,4,1425.67,49,3,4,4,344
17423,2023-10-24 13:36:00,2,698.41,45,3,3,3,333
13917,2023-10-21 09:56:00,2,272.04,49,3,2,2,322
14125,2023-11-29 12:47:00,3,2720.63,10,5,3,5,535
18287,2023-10-28 09:29:00,3,1837.28,42,3,4,4,344
14461,2023-07-14 17:11:00,3,2103.06,147,2,3,5,235
12640,2023-11-16 11:52:00,3,1174.58,23,4,3,4,434
18248,2023-08-09 10:19:00,2,804.02,122,2,3,3,233
17843,2023-02-09 15:33:00,1,205.48,302,1,2,1,121
17242,2023-08-23 14:55:00,2,1135.04,107,2,3,4,234
12609,2023-09-22 16:34:00,3,1126.85,77,2,3,4,234
12449,2023-11-17 13:46:00,4,4067.29,21,4,4,5,445
13085,2023-07-05 12:11:00,2,416.08,157,2,2,2,222
18263,2023-11-14 09:00:00,3,1213.16,25,4,4,4,444
14291,2023-12-08 10:26:00,11,3883.25,1,5,5,5,555
12991,2023-11-16 15:34:00,2,503.76,22,4,2,3,423
14141,2023-12-07 09:53:00,4,915.13,2,5,4,3,543
17105,2023-07-03 15:53:00,2,665.78,158,2,3,3,233
17866,2023-07-20 11:07:00,1,329.65000000000003,142,2,2,2,222
14463,2023-09-02 15:20:00,3,529.62,97,2,3,3,233
16619,2023-03-21 08:18:00,1,226.21,263,1,2,1,121
14243,2023-12-01 11:12:00,10,2588.77,8,5,5,5,555
12732,2023-06-13 11:33:00,1,236.26,179,1,1,1,111
14860,2023-11-20 14:17:00,1,170.32,18,4,1,1,411
15883,2023-12-07 17:05:00,2,396.48,1,5,3,2,532
16185,2023-11-23 09:41:00,2,529.41,16,4,3,3,433
14524,2023-11-08 12:29:00,9,1843.83,31,4,5,4,454
17531,2023-06-02 19:17:00,1,296.7,189,1,2,2,122
12713,2023-12-09 12:16:00,1,848.55,0,5,1,3,513
12373,2023-02-01 13:10:00,1,364.6,310,1,1,2,112
13558,2023-12-04 11:24:00,4,594.52,5,5,4,3,543
12582,2023-04-15 08:45:00,2,511.36,238,1,2,3,123
12735,2023-01-28 13:37:00,2,779.5699999999999,314,1,2,3,123
16134,2023-11-18 10:05:00,2,618.09,21,4,3,3,433
16342,2023-09-25 14:36:00,4,322.41,74,2,4,2,242
13070,2023-05-31 13:45:00,1,228.8,191,1,1,1,111
12679,2023-10-12 12:30:00,4,1113.02,58,3,4,4,344
15070,2022-12-02 11:23:00,1,106.2,372,1,1,1,111
17567,2023-12-02 15:48:00,8,4331.48,6,5,5,5,555
17227,2023-11-21 10:51:00,6,939.32,18,4,5,4,454
13473,2023-10-10 11:20:00,2,422.64,60,3,2,2,322
13243,2023-05-20 13:14:00,1,585.12,202,1,1,3,113
13955,2023-07-08 17:19:00,2,322.96,153,2,3,2,232
13894,2023-11-16 09:44:00,3,564.62,23,4,3,3,433
17771,2023-10-14 11:43:00,2,245.81,56,3,3,1,331
17226,2023-02-04 11:52:00,1,393.49,308,1,2,2,122
13282,2023-11-21 15:33:00,3,1132.14,17,4,3,4,434
15465,2023-11-20 10:11:00,18,7354.62,19,4,5,5,455
18004,2022-12-12 13:47:00,1,157.92,361,1,2,1,121
12513,2023-08-19 10:51:00,1,612.29,112,2,1,3,213
18268,2023-07-28 19:13:00,1,25.5,133,2,2,1,221
13737,2023-05-23 16:32:00,1,339.6,199,1,1,2,112
15758,2023-11-15 10:48:00,1,205.25,24,4,2,1,421
13043,2023-03-11 14:52:00,1,516.42,272,1,1,3,113
14966,2023-11-25 12:20:00,1,183.02,14,4,1,1,411
14688,2023-12-02 12:26:00,21,5579.1,7,5,5,5,555
16711,2023-12-06 16:32:00,5,1651.03,2,5,4,4,544
17228,2023-11-24 10:24:00,8,1906.09,15,4,5,4,454
17245,2023-05-19 10:43:00,1,171.45000000000002,204,1,2,1,121
16722,2023-11-22 13:28:00,13,4730.81,16,4,5,5,455
15944,2023-03-08 10:33:00,1,325.1,276,1,2,2,122
17838,2023-11-13 11:20:00,5,2720.8,26,4,4,5,445
15322,2023-09-15 09:34:00,1,679.68,85,2,1,3,213
12590,2023-05-12 14:52:00,2,9864.26,210,1,2,5,125
15673,2023-09-12 16:12:00,4,2726.23,87,2,4,5,245
12618,2023-11-18 11:10:00,1,177.31,21,4,1,1,411
15193,2023-10-10 08:23:00,1,499.32,60,3,1,3,313
15706,2023-10-07 10:09:00,4,1060.56,63,3,4,4,344
12586,2023-11-22 16:24:00,1,196.94000000000003,16,4,1,1,411
14051,2023-12-09 10:20:00,23,15610.39,0,5,5,5,555
15277,2023-10-24 10:08:00,1,255.9,46,3,1,2,312
15133,2023-08-04 10:44:00,3,982.42,127,2,3,4,234
12731,2023-11-16 11:59:00,12,18895.91,23,4,5,5,455
16837,2023-11-08 14:27:00,11,3170.98,30,4,5,5,455
16659,2023-06-03 15:03:00,1,39.12,188,1,2,1,121
15743,2023-11-23 17:19:00,4,775.96,15,4,4,3,443
16324,2023-08-03 12:58:00,3,408.59,127,2,4,2,242
13389,2023-11-28 14:01:00,3,797.96,10,5,3,3,533
17398,2023-08-17 09:48:00,3,653.38,114,2,4,3,243
15339,2023-10-04 12:51:00,2,574.07,65,3,3,3,333
18202,2023-05-24 12:12:00,3,1396.99,199,1,4,4,144
13359,2023-10-07 09:30:00,1,439.56,63,3,1,2,312
17948,2023-07-15 12:58:00,1,358.56000000000006,146,2,2,2,222
18170,2023-11-06 14:35:00,3,980.31,32,4,4,4,444
13477,2023-11-02 12:04:00,6,1454.58,37,3,5,4,354
17309,2023-09-05 15:20:00,1,82.75,94,2,2,1,221
12912,2023-12-07 08:55:00,5,1662.3,2,5,4,4,544
13124,2023-09-11 12:45:00,3,3756.33,89,2,3,5,235
12600,2023-11-11 10:29:00,10,2599.04,28,4,5,5,455
16617,2023-04-18 10:35:00,1,151.85,235,1,2,1,121
16882,2023-10-04 10:42:00,3,705.12,66,3,4,3,343
17282,2023-08-01 14:29:00,3,1685.46,129,2,4,4,244
13419,2023-10-07 12:49:00,1,221.06,63,3,1,1,311
16855,2023-11-16 12:03:00,2,328.40000000000003,23,4,3,2,432
13426,2023-12-09 08:59:00,10,3641.32,0,5,5,5,555
14607,2023-11-24 10:35:00,14,16209.5,15,4,5,5,455
17287,2023-11-13 13:27:00,7,1049.06,25,4,5,4,454
13975,2023-11-08 13:19:00,6,2461.24,30,4,5,5,455
16710,2023-11-20 14:50:00,10,2467.99,18,4,5,5,455
13417,2023-12-05 08:49:00,2,640.83,4,5,2,3,523
13860,2023-12-08 12:57:00,5,1245.9,0,5,4,4,544
13722,2023-07-31 12:44:00,3,2375.41,131,2,3,5,235
13947,2023-10-05 14:42:00,1,90.6,64,3,1,1,311
14589,2022-12-03 11:42:00,1,39.75,371,1,1,1,111
12386,2023-01-06 12:37:00,2,401.9,337,1,2,2,122
16839,2023-12-01 09:03:00,34,16594.35,8,5,5,5,555
13771,2023-10-06 14:18:00,4,2634.45,63,3,4,5,345
16500,2023-12-05 12:04:00,6,400.86,4,5,5,2,552
13376,2023-09-01 16:16:00,3,1019.76,98,2,3,4,234
13980,2023-10-10 13:34:00,1,200.14,59,3,1,1,311
17181,2023-10-13 14:48:00,2,239.92,56,3,3,1,331
16906,2023-09-19 11:49:00,4,559.59,81,2,4,3,243
13548,2023-09-04 14:50:00,2,678.16,95,2,2,3,223
16569,2023-12-06 15:32:00,1,124.2,2,5,2,1,521
16422,2023-11-22 14:00:00,51,34684.4,16,4,5,5,455
12824,2023-10-11 12:49:00,1,397.12,59,3,1,2,312
13699,2023-07-07 16:51:00,1,308.58000000000004,154,2,1,2,212
14501,2023-06-09 12:02:00,2,251.21,183,1,3,2,132
14093,2023-11-27 16:27:00,1,433.86,11,5,1,2,512
14499,2023-11-13 13:01:00,3,808.44,25,4,3,3,433
15795,2023-07-13 10:43:00,1,610.01,149,2,2,3,223
15396,2023-08-19 10:56:00,1,288.18,112,2,1,2,212
13095,2023-09-30 12:03:00,1,74.39999999999999,70,3,1,1,311
14585,2023-10-20 14:33:00,1,157.05,49,3,1,1,311
18118,2023-11-29 11:32:00,26,5625.08,10,5,5,5,555
17749,2023-06-14 15:45:00,2,674.52,177,2,3,3,233
14295,2023-10-30 15:50:00,1,166.20000000000002,39,3,1,1,311
12657,2023-11-28 15:47:00,4,1643.18,10,5,4,4,544
15668,2023-05-06 10:39:00,1,76.32000000000001,217,1,1,1,111
15689,2023-08-12 09:37:00,2,254.1,119,2,3,2,232
16236,2023-09-22 14:10:00,1,432.2,77,2,2,2,222
17525,2022-12-15 12:05:00,1,422.7,359,1,2,2,122
13748,2023-09-05 09:45:00,5,948.25,95,2,4,4,244
13137,2023-11-29 12:09:00,8,3603.29,10,5,5,5,555
12967,2022-12-16 19:10:00,2,1660.9,357,1,2,4,124
14173,2023-11-29 11:54:00,4,450.84,10,5,4,2,542
16987,2023-12-06 17:26:00,7,1616.8,2,5,5,4,554
13898,2023-01-18 10:28:00,1,155.93,325,1,1,1,111
17034,2023-11-23 15:14:00,3,745.52,15,4,4,3,443
14142,2022-12-01 16:33:00,1,311.81,372,1,1,2,112
15415,2023-01-30 14:13:00,1,559.61,312,1,1,3,113
12445,2023-11-17 18:43:00,1,133.4,21,4,1,1,411
17625,2023-11-21 13:36:00,4,2020.4,17,4,4,4,444
16245,2023-11-16 10:14:00,3,1413.66,23,4,4,4,444
12458,2023-09-29 15:25:00,2,947.4,70,3,2,4,324
12785,2022-12-10 13:48:00,1,311.95,363,1,1,2,112
13759,2023-11-06 14:47:00,2,659.4100000000001,32,4,2,3,423
16764,2023-12-06 11:41:00,13,2790.9500000000003,3,5,5,5,555
13244,2023-09-08 11:46:00,1,121.74,92,2,1,1,211
17526,2023-12-05 11:05:00,4,1195.9,4,5,4,4,544
18121,2023-07-13 12:53:00,2,653.3000000000001,148,2,3,3,233
18217,2023-11-10 13:18:00,2,621.75,28,4,3,3,433
16897,2023-02-13 15:02:00,2,289.78,298,1,3,2,132
18110,2023-11-20 12:34:00,1,198.8,19,4,2,1,421
12714,2023-11-30 15:43:00,5,4708.86,8,5,4,5,545
16998,2023-07-13 09:44:00,4,295.0,149,2,4,2,242
14220,2023-04-06 13:23:00,2,632.4000000000001,246,1,3,3,133
13267,2023-12-07 11:12:00,19,4521.49,2,5,5,5,555
15690,2023-12-05 15:59:00,2,239.76,3,5,3,1,531
14397,2023-12-07 09:22:00,19,2612.96,2,5,5,5,555
15838,2023-11-28 14:00:00,19,33643.08,10,5,5,5,555
14312,2023-10-24 09:46:00,6,1611.59,46,3,5,4,354
12945,2023-02-24 14:15:00,1,462.95,287,1,1,2,112
17289,2023-11-08 12:01:00,3,931.02,31,4,4,3,443
16377,2023-03-17 15:41:00,1,676.2,266,1,2,3,123
17655,2023-11-29 11:34:00,7,2638.94,10,5,5,5,555
14720,2023-12-04 12:02:00,3,663.81,5,5,3,3,533
17670,2023-04-26 09:12:00,1,205.7,227,1,2,1,121
15154,2023-09-25 16:05:00,1,254.28,74,2,1,2,212
18139,2023-11-22 10:44:00,6,8438.34,17,4,5,5,455
14377,2023-06-01 13:32:00,2,617.05,190,1,3,3,133
16779,2023-12-07 14:54:00,22,10611.72,1,5,5,5,555
17690,2023-11-09 15:17:00,15,4726.8,29,4,5,5,455
17138,2023-03-09 11:54:00,1,380.5,275,1,2,2,122
13803,2023-03-29 12:57:00,1,277.07,254,1,1,2,112
15992,2023-12-06 11:00:00,1,41.99,3,5,2,1,521
16270,2022-12-21 14:26:00,1,1141.24,352,1,2,4,124
15307,2023-09-05 11:38:00,1,205.3,95,2,1,1,211
13338,2023-07-05 09:06:00,1,487.02,157,2,1,2,212
13753,2023-02-25 12:48:00,1,741.26,287,1,1,3,113
17058,2023-09-19 10:13:00,3,1179.89,81,2,4,4,244
16665,2022-12-12 14:03:00,1,135.4,361,1,2,1,121
17218,2023-12-05 13:52:00,10,1951.97,3,5,5,4,554
14057,2023-11-16 10:32:00,17,6211.66,23,4,5,5,455
15790,2023-11-29 14:53:00,1,218.75,9,5,2,1,521
12431,2023-11-04 11:55:00,15,6419.95,35,3,5,5,355
16014,2023-11-02 12:04:00,3,646.83,37,3,4,3,343
14714,2023-11-15 13:07:00,1,160.19,23,4,1,1,411
16063,2023-03-24 14:56:00,1,335.32,259,1,2,2,122
17362,2023-04-14 14:43:00,2,312.23,238,1,3,2,132
12755,2023-03-04 12:42:00,2,3811.95,280,1,2,5,125
17886,2023-11-08 10:09:00,3,869.28,31,4,4,3,443
12641,2023-08-16 13:26:00,1,185.9,114,2,1,1,211
13253,2023-07-06 10:09:00,2,1030.4,156,2,2,4,224
17343,2022-12-19 15:07:00,1,193.64,354,1,2,1,121
16915,2023-11-30 16:39:00,6,621.6800000000001,8,5,5,3,553
15581,2023-08-11 09:38:00,13,3675.77,120,2,5,5,255
13235,2023-05-11 17:13:00,1,1031.07,211,1,1,4,114
17027,2023-09-22 12:24:00,6,877.5600000000001,78,2,5,3,253
13874,2022-12-16 18:20:00,1,540.45,357,1,1,3,113
17735,2023-12-07 16:47:00,19,13110.02,1,5,5,5,555
15990,2023-10-26 15:58:00,2,792.11,43,3,3,3,333
13954,2023-12-08 12:50:00,2,439.92,1,5,3,2,532
17861,2023-12-06 16:21:00,8,2097.88,2,5,5,5,555
13218,2023-08-04 16:59:00,1,62.64,126,2,1,1,211
16654,2023-07-21 15:23:00,4,601.27,140,2,4,3,243
17958,2023-08-15 12:19:00,1,508.46,116,2,2,3,223
14440,2023-12-01 15:42:00,5,2357.68,7,5,4,5,545
17931,2023-07-28 18:33:00,2,408.36,133,2,3,2,232
13301,2023-08-28 11:25:00,4,618.09,103,2,4,3,243
15436,2023-11-27 16:05:00,3,1067.75,11,5,3,4,534
12423,2023-12-09 10:10:00,8,1859.31,0,5,5,4,554
17338,2023-11-22 14:23:00,8,6493.54,16,4,5,5,455
17966,2023-11-02 10:26:00,5,1098.43,37,3,4,4,344
17703,2023-11-04 15:51:00,3,798.74,34,3,4,3,343
12403,2023-10-21 10:51:00,1,427.7,49,3,1,2,312
13842,2023-10-12 10:51:00,9,3385.62,58,3,5,5,355
15955,2023-11-15 14:15:00,14,4416.26,23,4,5,5,455
16227,2023-04-28 13:33:00,1,314.22,224,1,2,2,122
17239,2023-01-31 09:41:00,1,382.5,312,1,2,2,122
12361,2023-02-25 13:51:00,1,189.9,286,1,1,1,111
16168,2023-11-29 12:45:00,27,3787.6,10,5,5,5,555
12868,2023-06-07 10:42:00,6,1607.0600000000002,185,1,5,4,154
14973,2023-08-24 15:51:00,3,1314.45,106,2,3,4,234
13052,2023-05-11 14:12:00,1,348.15000000000003,211,1,1,2,112
16485,2023-09-23 15:50:00,1,363.65,76,2,2,2,222
14236,2023-09-20 09:13:00,2,490.86,80,2,3,3,233
17189,2023-08-25 19:39:00,2,383.75,105,2,3,2,232
17990,2023-04-17 11:44:00,3,630.84,236,1,4,3,143
12797,2022-12-09 10:55:00,1,254.03,365,1,1,2,112
16846,2023-10-20 13:55:00,1,214.32,49,3,2,1,321
17469,2023-11-23 13:15:00,5,1870.97,15,4,4,4,444
18014,2023-11-11 15:28:00,1,162.22,27,4,2,1,421
14401,2023-12-05 13:30:00,13,4051.48,3,5,5,5,555
13725,2023-10-21 10:03:00,8,1980.56,49,3,5,4,354
15484,2023-12-08 15:03:00,4,3590.41,0,5,4,5,545
16628,2023-11-10 12:45:00,5,2188.05,29,4,4,5,445
14592,2023-11-04 16:35:00,3,557.94,34,3,3,3,333
16655,2023-11-22 11:25:00,6,3789.52,17,4,5,5,455
15953,2023-11-24 15:32:00,8,1657.28,14,4,5,4,454
17206,2023-10-17 13:25:00,1,204.24,52,3,2,1,321
13429,2023-11-29 09:10:00,4,1006.8,10,5,4,4,544
14508,2023-11-17 19:48:00,2,268.05,21,4,3,2,432
14180,2023-11-29 10:56:00,25,4748.52,10,5,5,5,555
17859,2023-02-08 10:32:00,1,141.92,304,1,2,1,121
13132,2023-03-23 12:44:00,1,77.3,261,1,1,1,111
14470,2023-11-28 10:31:00,2,461.19,11,5,3,2,532
12987,2023-09-27 12:03:00,2,558.7,73,2,2,3,223
14383,2023-11-01 15:53:00,3,1247.69,37,3,3,4,334
13639,2023-09-26 13:36:00,1,1033.34,73,2,1,4,214
14800,2023-10-23 12:46:00,12,4331.79,47,3,5,5,355
13078,2023-12-06 15:36:00,26,12627.94,2,5,5,5,555
14624,2023-10-13 13:44:00,2,225.85,56,3,3,1,331
17734,2023-10-17 12:33:00,3,700.63,53,3,4,3,343
17329,2023-11-25 14:24:00,2,523.11,13,4,3,3,433
15525,2023-12-07 14:43:00,3,734.37,1,5,3,3,533
13006,2023-10-14 13:49:00,1,81.57,55,3,1,1,311
12843,2023-10-05 12:09:00,8,1702.26,65,3,5,4,354
13405,2023-09-26 17:01:00,3,572.451,73,2,3,3,233
16414,2023-11-18 09:42:00,2,126.25,21,4,3,1,431
16497,2023-10-21 10:55:00,6,2965.69,49,3,5,5,355
13876,2023-10-07 10:22:00,1,122.7,63,3,1,1,311
14334,2023-11-23 10:01:00,8,2552.21,16,4,5,5,455
14332,2023-11-17 11:54:00,3,840.21,22,4,3,3,433
18173,2023-09-14 11:26:00,4,2106.84,86,2,4,5,245
13519,2023-09-22 18:24:00,1,122.75,77,2,1,1,211
13318,2023-12-08 18:51:00,3,640.76,0,5,3,3,533
14753,2023-09-13 14:50:00,1,563.15,86,2,1,3,213
14758,2023-07-18 08:21:00,4,1484.06,144,2,4,4,244
13538,2023-10-27 16:34:00,7,1280.85,42,3,5,4,354
15039,2023-11-30 11:31:00,47,19766.59,9,5,5,5,555
15135,2023-04-14 19:16:00,1,139.05,238,1,1,1,111
16016,2023-12-06 14:35:00,8,1465.51,2,5,5,4,554
16712,2023-11-30 13:48:00,11,3611.31,8,5,5,5,555
15935,2023-04-14 13:27:00,2,416.86,238,1,3,2,132
16620,2023-12-06 12:19:00,2,178.96,3,5,3,1,531
16735,2023-09-22 11:49:00,5,2247.41,78,2,4,5,245
15292,2023-05-22 15:00:00,1,178.39,200,1,1,1,111
13462,2023-04-01 11:20:00,1,151.5,252,1,1,1,111
16257,2023-06-16 10:11:00,1,46.95,176,2,2,1,221
16048,2022-12-01 15:28:00,2,256.44,372,1,3,2,132
14548,2023-07-12 12:19:00,2,652.8,150,2,3,3,233
16117,2023-06-03 11:42:00,1,232.21,189,1,2,1,121
14513,2023-08-31 11:25:00,3,455.59,100,2,3,2,232
14903,2023-11-18 16:07:00,5,2795.33,20,4,4,5,445
13572,2023-05-18 11:59:00,1,1384.25,205,1,1,4,114
15504,2023-09-19 13:45:00,1,52.83,80,2,1,1,211
14066,2023-03-18 12:21:00,1,152.55,266,1,1,1,111
14198,2023-11-21 16:35:00,4,701.4,17,4,4,3,443
16813,2023-12-01 14:03:00,10,1652.18,7,5,5,4,554
12753,2023-11-17 10:52:00,6,21429.39,22,4,5,5,455
18151,2023-07-28 11:35:00,2,653.35,134,2,3,3,233
14101,2023-09-27 12:28:00,6,5976.79,73,2,5,5,255
16366,2023-11-21 08:19:00,1,327.3,18,4,2,2,422
13666,2023-10-10 15:39:00,3,84.65,59,3,3,1,331
15660,2023-11-14 16:58:00,9,1600.86,24,4,5,4,454
16810,2023-05-31 15:32:00,1,309.54,191,1,2,2,122
16766,2023-03-11 15:22:00,2,1145.6,272,1,3,4,134
18092,2023-12-07 13:14:00,11,9068.26,1,5,5,5,555
16110,2023-10-25 14:35:00,3,1320.95,44,3,4,4,344
16885,2023-11-24 13:40:00,3,450.41,14,4,4,2,442
17231,2023-11-27 15:18:00,10,3124.72,11,5,5,5,555
12384,2023-11-11 08:39:00,2,585.27,28,4,2,3,423
16778,2023-09-26 13:48:00,2,245.94,73,2,3,1,231
18034,2023-11-18 12:22:00,2,418.68,21,4,3,2,432
16233,2023-09-29 17:27:00,3,536.6800000000001,70,3,4,3,343
13994,2023-12-06 11:05:00,6,2274.14,3,5,5,5,555
14847,2023-07-14 10:52:00,1,309.40000000000003,148,2,1,2,212
13196,2023-11-28 13:54:00,4,1797.78,10,5,4,4,544
15255,2023-10-04 12:43:00,1,890.85,66,3,1,3,313
13494,2023-02-01 11:58:00,1,316.26000000000005,311,1,1,2,112
14052,2023-11-20 12:30:00,1,225.36,19,4,1,1,411
17017,2023-12-07 09:32:00,20,8694.26,2,5,5,5,555
12627,2023-11-29 12:07:00,7,4478.53,10,5,5,5,555
13344,2023-10-03 09:45:00,3,2511.69,67,3,3,5,335
14946,2023-11-25 13:33:00,1,100.9,13,4,1,1,411
12866,2023-03-01 14:11:00,1,559.12,282,1,1,3,113
12560,2023-12-04 13:54:00,3,2134.01,4,5,3,5,535
18102,2023-12-09 11:50:00,60,259657.3,0,5,5,5,555
14725,2023-11-15 12:42:00,1,655.58,24,4,1,3,413
16407,2023-11-27 11:05:00,10,2079.68,12,5,5,5,555
15626,2023-09-26 10:03:00,2,675.8,74,2,3,3,233
13349,2023-11-29 08:07:00,1,247.32,10,5,1,1,511
18146,2023-07-22 12:08:00,2,160.35,140,2,3,1,231
17692,2023-08-04 14:01:00,4,740.94,126,2,4,3,243
16526,2023-06-21 12:02:00,1,290.36,171,2,2,2,222
15507,2023-06-21 11:19:00,1,475.86,171,2,1,2,212
14851,2023-11-16 14:20:00,2,511.35,22,4,3,3,433
15009,2023-11-27 13:35:00,3,1259.43,11,5,3,4,534
15877,2023-12-08 11:53:00,2,490.33,1,5,3,3,533
17278,2023-04-12 13:10:00,1,246.04,240,1,2,1,121
12401,2023-02-09 13:50:00,1,84.3,302,1,1,1,111
14073,2023-11-07 15:49:00,1,151.04,31,4,1,1,411
16036,2023-09-13 14:53:00,2,758.9200000000001,86,2,3,3,233
17464,2023-07-04 13:19:00,1,289.96000000000004,157,2,2,2,222
13763,2023-10-07 15:13:00,1,1714.96,62,3,1,4,314
16045,2023-08-12 12:41:00,4,1340.7,119,2,4,4,244
17880,2022-12-10 10:21:00,1,458.92,364,1,2,2,122
15930,2023-10-03 14:52:00,1,426.63,66,3,2,2,322
13802,2023-07-24 10:54:00,3,4599.42,138,2,3,5,235
12653,2023-07-14 10:41:00,2,2209.85,148,2,2,5,225
13414,2023-07-29 11:45:00,3,1390.5,133,2,3,4,234
16801,2023-06-29 15:33:00,4,1594.23,162,2,4,4,244
17483,2023-10-05 13:10:00,3,414.04,64,3,4,2,342
16757,2023-01-25 11:59:00,1,106.83,318,1,2,1,121
17917,2023-10-25 13:20:00,3,335.03,44,3,4,2,342
17394,2023-05-04 13:22:00,1,203.87,218,1,2,1,121
15940,2023-02-01 16:18:00,1,35.8,310,1,2,1,121
12747,2023-12-07 14:34:00,11,4196.01,1,5,5,5,555
14288,2023-05-10 13:22:00,1,426.6,212,1,1,2,112
18183,2023-04-26 15:26:00,2,632.07,226,1,3,3,133
16426,2023-12-07 14:01:00,10,1863.76,1,5,5,4,554
15491,2023-09-05 15:56:00,6,3100.09,94,2,5,5,255
16207,2023-11-14 13:51:00,1,394.38,24,4,2,2,422
13988,2023-11-20 10:15:00,6,4147.96,19,4,5,5,455
13165,2023-10-24 15:05:00,2,1021.48,45,3,2,4,324
13431,2023-10-03 13:49:00,2,1269.1,66,3,2,4,324
17650,2023-11-18 14:52:00,1,166.07999999999998,20,4,2,1,421
15724,2023-05-22 14:40:00,2,218.25,200,1,3,1,131
17490,2023-12-09 09:08:00,7,2092.32,0,5,5,5,555
15565,2023-10-20 14:33:00,2,173.16000000000005,49,3,3,1,331
15857,2023-11-21 12:18:00,1,297.0,18,4,2,2,422
12468,2023-06-05 11:36:00,2,729.54,187,1,2,3,123
17018,2023-10-30 11:42:00,2,920.1,40,3,3,3,333
17914,2023-12-06 11:58:00,1,329.36,3,5,2,2,522
18071,2023-03-27 11:59:00,2,453.0,257,1,3,2,132
16943,2023-05-12 11:57:00,3,816.73,211,1,4,3,143
14653,2023-12-08 13:45:00,7,1926.65,0,5,5,4,554
14362,2023-11-17 15:08:00,1,151.5,21,4,1,1,411
12993,2023-11-16 15:49:00,4,414.76,22,4,4,2,442
14390,2023-11-29 13:49:00,9,4642.57,9,5,5,5,555
17253,2023-11-21 12:59:00,1,178.26,17,4,2,1,421
13845,2023-10-06 08:25:00,1,312.98,64,3,1,2,312
17314,2023-11-15 09:41:00,8,2527.92,24,4,5,5,455
16644,2023-06-15 12:39:00,2,833.78,177,2,3,3,233
13001,2023-12-05 14:51:00,13,9785.97,3,5,5,5,555
13868,2023-12-02 16:32:00,2,3192.54,6,5,2,5,525
16091,2023-07-08 08:45:00,2,315.06,154,2,3,2,232
15720,2023-11-15 14:48:00,1,598.73,23,4,1,3,413
13144,2023-01-11 11:15:00,1,110.95,332,1,1,1,111
15281,2023-10-12 09:10:00,9,2332.15,58,3,5,5,355
16690,2023-09-28 15:02:00,2,225.58,71,3,3,1,331
15221,2022-12-08 13:08:00,1,403.25,365,1,1,2,112
14497,2023-02-03 17:01:00,1,475.37,308,1,1,2,112
14819,2023-10-06 13:41:00,2,272.07,63,3,3,2,332
14348,2023-03-24 16:23:00,1,409.57,259,1,1,2,112
18142,2023-07-05 13:19:00,2,1019.52,156,2,3,4,234
13304,2022-12-23 14:35:00,1,300.42,350,1,1,2,112
12565,2023-02-24 10:34:00,1,145.92000000000002,288,1,1,1,111
14472,2023-08-28 11:01:00,8,1852.67,103,2,5,4,254
12615,2023-12-07 15:02:00,4,2291.19,1,5,4,5,545
17540,2023-11-15 11:56:00,2,578.9,24,4,3,3,433
16513,2023-12-05 10:18:00,4,874.59,4,5,4,3,543
16365,2023-11-22 11:24:00,9,1540.42,17,4,5,4,454
13094,2023-11-18 14:07:00,12,1927.32,20,4,5,4,454
14888,2023-05-16 14:58:00,1,369.2,206,1,1,2,112
14277,2023-11-24 15:01:00,3,4188.0,14,4,3,5,435
16893,2022-12-08 12:06:00,1,145.93,366,1,2,1,121
15458,2023-11-14 13:08:00,1,161.64,24,4,1,1,411
13398,2023-05-31 13:17:00,1,457.34,191,1,1,2,112
17702,2023-11-09 16:03:00,4,1824.37,29,4,4,4,444
17790,2023-11-13 11:30:00,14,1964.3,26,4,5,4,454
16903,2023-11-10 15:32:00,1,363.2,28,4,2,2,422
17642,2023-08-12 09:11:00,2,712.29,119,2,3,3,233
15111,2023-11-10 16:58:00,3,1567.48,28,4,3,4,434
13161,2023-01-30 14:03:00,1,112.75,312,1,1,1,111
13106,2023-07-29 15:12:00,1,76.5,132,2,1,1,211
17888,2023-11-18 13:45:00,8,716.0,20,4,5,3,453
13209,2023-11-09 13:54:00,8,5891.61,29,4,5,5,455
17320,2023-08-31 13:31:00,3,1200.62,99,2,4,4,244
12541,2023-11-10 10:40:00,3,981.18,29,4,3,4,434
17119,2023-12-06 14:40:00,2,606.91,2,5,3,3,533
17769,2023-11-27 11:18:00,10,3957.43,12,5,5,5,555
14792,2023-10-07 09:19:00,1,6.2,63,3,1,1,311
13626,2023-04-01 10:05:00,1,257.23,252,1,1,2,112
16553,2023-06-29 15:42:00,12,5719.82,162,2,5,5,255
12708,2023-11-10 09:52:00,10,2712.91,29,4,5,5,455
12462,2023-11-21 09:11:00,2,1189.59,18,4,2,4,424
18101,2023-11-28 13:37:00,2,222.4,10,5,3,1,531
12642,2023-11-14 15:03:00,3,1013.26,24,4,3,4,434
17783,2023-09-28 16:07:00,2,283.47,71,3,3,2,332
15774,2023-10-02 12:04:00,1,270.8,68,3,2,2,322
15483,2023-07-01 13:07:00,4,225.26,160,2,4,1,241
15687,2023-12-01 08:33:00,9,2993.1,8,5,5,5,555
14267,2023-06-30 10:09:00,3,1516.24,162,2,3,4,234
15358,2023-12-05 09:04:00,22,8347.2,4,5,5,5,555
18145,2023-11-27 11:22:00,4,2861.55,12,5,4,5,545
17707,2023-06-07 15:03:00,2,152.4,184,1,3,1,131
16340,2023-08-24 14:53:00,1,534.31,106,2,2,3,223
12948,2023-11-23 17:10:00,7,2064.95,15,4,5,5,455
16374,2023-10-04 15:21:00,2,466.73,65,3,3,2,332
16728,2023-10-24 14:36:00,4,1048.28,45,3,4,4,344
14354,2023-12-04 11:32:00,2,163.62,5,5,3,1,531
15655,2023-04-10 15:25:00,1,560.6700000000001,242,1,1,3,113
16746,2023-12-05 12:33:00,18,6680.11,4,5,5,5,555
12380,2023-11-18 11:27:00,4,2724.81,21,4,4,5,445
13684,2023-02-27 10:13:00,1,65.13,285,1,1,1,111
14804,2023-12-01 11:20:00,1,353.27,8,5,1,2,512
17019,2023-11-28 13:06:00,4,1258.08,10,5,4,4,544
16866,2023-07-22 10:06:00,3,207.74,140,2,4,1,241
12569,2023-12-07 16:24:00,32,4124.6900000000005,1,5,5,5,555
16616,2023-11-24 16:31:00,2,500.42,14,4,3,3,433
14715,2023-11-15 12:10:00,4,867.38,24,4,4,3,443
14443,2023-10-17 10:10:00,4,1420.2,53,3,4,4,344
18154,2023-12-06 16:41:00,2,399.19,2,5,3,2,532
18048,2023-05-20 14:58:00,2,172.29000000000002,202,1,3,1,131
13826,2023-06-16 13:48:00,1,189.5,175,2,1,1,211
15858,2023-11-24 12:48:00,5,1427.57,15,4,4,4,444
15287,2023-11-17 15:34:00,2,486.69,21,4,3,2,432
12435,2023-09-21 09:06:00,2,7829.89,79,2,2,5,225
12921,2023-11-30 16:22:00,37,16587.09,8,5,5,5,555
14191,2023-12-08 09:23:00,13,4684.76,1,5,5,5,555
13752,2023-08-07 14:16:00,6,1175.38,123,2,5,4,254
15006,2023-10-19 15:08:00,1,480.38,50,3,1,2,312
14264,2023-07-08 10:20:00,2,333.97,154,2,3,2,232
14152,2023-09-25 12:54:00,2,621.29,74,2,3,3,233
14004,2023-10-27 14:40:00,7,4582.64,42,3,5,5,355
18096,2023-11-28 12:44:00,3,849.06,11,5,4,3,543
12412,2023-09-26 10:16:00,3,1226.88,74,2,3,4,234
12855,2022-12-02 09:37:00,1,38.1,372,1,1,1,111
17716,2023-11-17 12:00:00,11,5655.99,22,4,5,5,455
12909,2023-10-31 12:43:00,5,2178.67,39,3,4,5,345
15103,2023-11-08 14:53:00,2,703.36,30,4,3,3,433
13848,2023-09-08 12:58:00,3,1255.0,91,2,3,4,234
17678,2023-03-21 11:52:00,1,298.11,263,1,2,2,122
13091,2023-11-11 15:54:00,1,345.82,27,4,1,2,412
17881,2023-02-08 17:16:00,1,133.35,303,1,2,1,121
17489,2023-10-12 08:56:00,2,376.64,58,3,3,2,332
15189,2023-12-08 13:22:00,41,16225.39,0,5,5,5,555
12377,2023-01-28 15:45:00,2,1628.12,314,1,2,4,124
17262,2023-10-18 12:56:00,5,1253.36,51,3,4,4,344
18226,2023-10-26 13:36:00,11,5228.05,43,3,5,5,355
12612,2023-09-26 15:35:00,1,704.04,73,2,1,3,213
12928,2023-11-04 14:24:00,5,2062.7,34,3,4,5,345
15574,2023-06-15 12:01:00,4,675.64,177,2,4,3,243
14731,2023-10-23 15:54:00,3,380.02,46,3,3,2,332
17100,2023-11-21 16:36:00,2,971.74,17,4,3,4,434
15473,2023-11-25 15:15:00,7,1771.2,13,4,5,4,454
16473,2023-06-28 09:10:00,3,316.11,164,2,4,2,242
17857,2023-12-05 13:13:00,23,26879.04,3,5,5,5,555
15844,2023-10-24 15:19:00,1,130.73999999999998,45,3,2,1,321
13792,2023-10-04 14:31:00,2,195.55,65,3,2,1,321
12739,2023-09-22 13:00:00,2,1013.04,77,2,2,4,224
16464,2023-11-20 12:11:00,3,1298.66,19,4,4,4,444
13508,2023-04-10 11:58:00,1,110.97,243,1,1,1,111
13216,2023-03-17 12:18:00,1,333.74,267,1,1,2,112
18192,2023-09-29 09:53:00,1,957.97,71,3,2,4,324
16769,2023-03-24 13:41:00,1,361.54,259,1,2,2,122
17321,2023-12-01 13:41:00,2,657.16,7,5,3,3,533
17976,2022-12-02 13:49:00,1,321.79,371,1,2,2,122
14357,2023-10-27 16:23:00,1,225.12,42,3,1,1,311
14770,2023-04-21 14:21:00,2,876.4200000000001,231,1,3,3,133
13037,2023-07-24 15:46:00,3,881.07,137,2,3,3,233
18189,2023-09-23 12:40:00,2,1090.24,77,2,3,4,234
12500,2023-11-16 16:20:00,11,4257.82,22,4,5,5,455
16940,2023-10-18 13:15:00,3,3049.88,51,3,4,5,345
14785,2023-11-29 13:21:00,2,77.4,9,5,3,1,531
12402,2023-01-20 13:49:00,1,225.6,322,1,1,1,111
12703,2023-09-29 17:52:00,1,283.55,70,3,1,2,312
14300,2023-11-21 08:57:00,1,43.2,18,4,1,1,411
13395,2023-06-07 15:04:00,1,307.72,184,1,1,2,112
17350,2023-12-01 15:47:00,4,1281.32,7,5,4,4,544
12790,2023-05-31 14:14:00,1,324.92,191,1,1,2,112
13705,2023-12-02 12:32:00,3,711.86,7,5,3,3,533
17324,2023-11-22 10:34:00,4,986.48,17,4,4,4,444
18250,2023-02-02 13:16:00,1,349.27,309,1,2,2,122
15630,2023-10-25 15:36:00,2,1186.35,44,3,3,4,334
15152,2023-11-30 12:32:00,13,4745.69,9,5,5,5,555
14690,2023-10-26 15:39:00,2,355.05,43,3,3,2,332
13047,2023-11-08 12:06:00,10,3237.54,31,4,5,5,455
14412,2023-10-28 10:45:00,2,770.03,42,3,3,3,333
14618,2023-11-30 13:45:00,3,553.44,8,5,3,3,533
16966,2023-12-01 13:40:00,7,2154.97,7,5,5,5,555
14403,2023-08-01 12:57:00,4,1475.81,129,2,4,4,244
18167,2023-11-16 15:56:00,3,1384.86,22,4,4,4,444
12659,2023-11-10 11:53:00,1,91.68,29,4,1,1,411
15027,2023-11-09 10:16:00,4,1066.15,30,4,4,4,444
17912,2023-02-02 14:25:00,5,310.06,309,1,4,2,142
15107,2023-02-01 14:46:00,6,319.5,310,1,5,2,152
16909,2023-09-28 16:45:00,1,379.14,71,3,2,2,322
13203,2023-11-30 10:45:00,4,869.46,9,5,4,3,543
14931,2023-12-05 10:19:00,5,1257.68,4,5,4,4,544
15334,2023-07-06 11:22:00,3,350.82,156,2,3,2,232
13420,2023-07-13 08:48:00,2,159.85,149,2,2,1,221
14723,2023-11-29 15:23:00,6,1122.36,9,5,5,4,554
16011,2023-12-01 16:31:00,16,3352.96,7,5,5,5,555
16222,2023-01-25 13:38:00,1,773.55,317,1,2,3,123
12705,2023-11-24 13:17:00,9,6868.29,14,4,5,5,455
15860,2023-10-30 11:25:00,8,965.16,40,3,5,4,354
13941,2023-11-18 09:43:00,5,5112.96,21,4,4,5,445
18015,2023-12-05 14:49:00,1,120.03,3,5,2,1,521
18205,2023-11-03 13:22:00,2,517.36,35,3,3,3,333
17361,2023-10-21 15:43:00,3,488.2,48,3,4,3,343
14699,2023-05-09 14:54:00,1,109.13,213,1,1,1,111
14466,2023-11-10 14:07:00,7,2272.4,28,4,5,5,455
18233,2023-01-18 08:44:00,1,440.0,325,1,2,2,122
12669,2023-07-12 09:54:00,3,2744.03,150,2,3,5,235
16200,2023-12-05 14:40:00,2,1068.87,3,5,3,4,534
15462,2023-09-06 13:11:00,3,234.6,93,2,3,1,231
14164,2023-09-30 12:24:00,2,1631.77,70,3,3,4,334
16022,2023-03-24 13:16:00,1,602.63,259,1,2,3,123
13320,2023-09-22 18:07:00,4,1532.2,77,2,4,4,244
12417,2023-12-06 14:52:00,9,3649.1,2,5,5,5,555
14829,2023-11-10 16:16:00,4,697.55,28,4,4,3,443
15692,2023-11-11 14:12:00,1,191.04,27,4,1,1,411
15437,2023-03-22 13:11:00,1,200.16,261,1,1,1,111
15127,2023-10-05 10:30:00,1,406.53,65,3,1,2,312
13247,2023-11-22 10:59:00,4,501.12,17,4,4,3,443
17646,2023-05-04 13:17:00,3,1008.39,218,1,4,4,144
13721,2023-11-03 14:05:00,1,524.14,35,3,1,3,313
17204,2023-06-17 14:46:00,4,1564.56,174,2,4,4,244
17038,2023-11-09 13:50:00,1,112.4,29,4,2,1,421
16147,2023-07-29 09:57:00,1,375.0,133,2,2,2,222
13428,2023-11-29 14:20:00,1,201.78,9,5,1,1,511
15388,2023-03-14 13:53:00,1,140.54,269,1,1,1,111
13249,2023-09-08 13:26:00,3,711.41,91,2,3,3,233
15529,2023-11-17 11:29:00,11,3962.6,22,4,5,5,455
16189,2023-11-24 11:47:00,2,215.48,15,4,3,1,431
15952,2023-11-06 11:18:00,4,781.91,33,3,4,3,343
16098,2023-09-13 09:59:00,7,2005.63,87,2,5,4,254
12488,2023-11-30 08:50:00,3,1298.66,9,5,3,4,534
15279,2022-12-20 10:48:00,1,290.51,354,1,1,2,112
15041,2023-06-22 16:16:00,1,179.93,169,2,1,1,211
17295,2023-11-11 10:49:00,3,547.0,28,4,4,3,443
17365,2023-11-27 12:13:00,8,4767.36,12,5,5,5,555
12359,2023-10-13 12:47:00,4,6310.03,57,3,4,5,345
15238,2023-11-10 14:28:00,3,1071.99,28,4,3,4,434
12740,2023-10-07 10:44:00,1,427.6,63,3,1,2,312
13422,2023-10-06 13:42:00,1,2626.3,63,3,1,5,315
14132,2023-12-07 13:35:00,11,3586.03,1,5,5,5,555
18196,2023-09-05 16:22:00,2,686.63,94,2,3,3,233
13479,2023-05-23 10:45:00,2,300.95,200,1,2,2,122
13323,2023-12-06 17:12:00,5,787.85,2,5,4,3,543
16992,2023-11-29 11:50:00,5,1614.31,10,5,4,4,544
15210,2023-04-28 16:11:00,1,331.18,224,1,1,2,112
14009,2023-05-25 15:47:00,2,695.61,197,1,3,3,133
16316,2023-10-06 13:48:00,8,2938.91,63,3,5,5,355
17222,2023-10-05 13:58:00,1,328.65,64,3,2,2,322
16996,2023-11-09 16:43:00,6,1456.96,29,4,5,4,454
16445,2023-11-06 12:32:00,1,230.51,33,3,2,1,321
14702,2023-12-08 19:29:00,17,3251.79,0,5,5,5,555
13703,2023-01-25 13:10:00,1,99.5,317,1,1,1,111
17252,2023-08-15 09:45:00,2,348.91,116,2,3,2,232
15853,2023-10-19 10:38:00,1,110.8,51,3,2,1,321
18246,2023-11-16 11:49:00,2,596.1,23,4,3,3,433
16386,2023-11-11 12:28:00,2,302.57,28,4,3,2,432
15856,2023-12-05 17:09:00,27,16143.64,3,5,5,5,555
13263,2023-12-08 13:59:00,35,7436.93,0,5,5,5,555
17462,2023-10-10 13:56:00,2,675.69,59,3,3,3,333
17406,2023-01-10 15:07:00,3,2184.42,332,1,4,5,145
14550,2023-11-29 12:12:00,2,757.37,10,5,3,3,533
14489,2023-05-16 14:51:00,1,463.38,206,1,1,2,112
15408,2023-03-20 15:02:00,1,267.18,263,1,1,2,112
14849,2023-11-18 10:58:00,25,7930.54,21,4,5,5,455
15985,2023-08-08 16:31:00,2,1142.42,122,2,3,4,234
17076,2023-11-03 17:53:00,3,841.0799999999999,35,3,4,3,343
15948,2023-12-01 15:32:00,2,955.24,7,5,3,4,534
12877,2023-12-06 10:30:00,12,1535.77,3,5,5,4,554
14542,2023-06-07 08:19:00,1,103.25,185,1,1,1,111
15717,2023-04-19 13:21:00,1,150.3,233,1,1,1,111
12625,2023-05-12 09:54:00,2,2683.82,211,1,2,5,125
13645,2023-08-11 16:11:00,1,252.1,119,2,1,2,212
15136,2023-12-07 12:26:00,4,1286.7,2,5,4,4,544
13731,2023-05-04 14:33:00,2,610.59,218,1,2,3,123
18156,2023-11-27 12:24:00,2,675.64,12,5,3,3,533
14096,2023-12-05 17:17:00,17,65164.79,3,5,5,5,555
16235,2023-10-30 10:56:00,5,867.3100000000001,40,3,4,3,343
17869,2023-08-24 16:16:00,5,428.18,106,2,4,2,242
15506,2023-11-17 12:11:00,3,972.08,22,4,3,4,434
13956,2023-12-04 13:20:00,5,1019.27,4,5,4,4,544
16394,2023-10-14 09:48:00,5,1555.34,56,3,4,4,344
14282,2023-12-06 17:04:00,15,3701.44,2,5,5,5,555
15367,2023-10-13 14:13:00,4,1877.59,56,3,4,4,344
17026,2023-06-07 14:28:00,2,154.83,184,1,3,1,131
14027,2023-10-10 09:01:00,1,104.82,60,3,1,1,311
17870,2023-12-07 15:07:00,12,1865.89,1,5,5,4,554
12577,2023-11-04 13:24:00,3,626.6,34,3,3,3,333
14482,2023-11-21 13:14:00,6,2022.81,17,4,5,4,454
18236,2023-11-10 08:06:00,6,882.24,29,4,5,3,453
12981,2023-11-10 12:00:00,2,372.22,29,4,2,2,422
13735,2023-11-15 11:14:00,4,2883.54,24,4,4,5,445
17255,2023-10-30 12:18:00,2,291.48,40,3,3,2,332
18282,2023-12-02 11:43:00,2,178.05,7,5,3,1,531
14937,2023-10-14 12:29:00,3,1621.88,56,3,3,4,334
12520,2023-09-21 15:23:00,5,2634.26,78,2,4,5,245
13925,2023-09-08 12:47:00,4,678.25,92,2,4,3,243
15624,2023-08-15 11:38:00,4,588.13,116,2,4,3,243
15165,2022-12-01 14:03:00,1,487.75,372,1,1,3,113
12673,2023-12-04 13:55:00,2,610.52,4,5,2,3,523
17279,2023-10-13 11:58:00,1,187.83,57,3,2,1,321
17259,2023-07-14 15:01:00,2,581.23,147,2,3,3,233
17418,2023-10-28 13:00:00,2,463.46,41,3,3,2,332
12425,2023-09-22 17:31:00,1,777.2,77,2,1,3,213
15361,2022-12-13 09:52:00,1,418.92,361,1,1,2,112
15847,2023-11-01 14:41:00,2,389.27,37,3,3,2,332
15599,2023-11-13 11:44:00,2,761.74,26,4,3,3,433
15010,2023-11-04 12:42:00,1,308.94,35,3,1,2,312
17679,2023-10-18 07:43:00,2,1992.11,52,3,3,4,334
15664,2023-10-20 10:57:00,1,386.43,50,3,1,2,312
17732,2022-12-02 09:29:00,1,303.97,372,1,2,2,122
13926,2023-11-16 13:16:00,1,223.85,22,4,1,1,411
17155,2023-11-22 12:38:00,2,251.7,17,4,3,2,432
13800,2023-02-03 12:27:00,1,558.32,309,1,1,3,113
15303,2023-02-22 13:59:00,1,574.02,289,1,1,3,113
17864,2023-11-27 11:15:00,3,554.85,12,5,4,3,543
17649,2023-07-24 15:53:00,1,868.49,137,2,2,3,223
17064,2023-10-12 10:18:00,3,855.45,58,3,4,3,343
14958,2023-07-15 14:20:00,3,483.73,146,2,3,2,232
12474,2023-11-22 14:39:00,18,7324.09,16,4,5,5,455
15478,2023-10-30 14:19:00,2,1399.92,39,3,3,4,334
15004,2023-07-15 14:05:00,1,1220.77,146,2,1,4,214
18005,2023-12-06 11:51:00,2,226.47,3,5,3,1,531
15185,2023-09-30 14:06:00,1,310.62,69,3,1,2,312
13011,2022-12-02 17:22:00,1,50.55,371,1,1,1,111
18093,2023-09-07 15:43:00,4,2106.52,92,2,4,5,245
13804,2023-11-09 12:32:00,7,2588.39,30,4,5,5,455
13504,2023-10-06 13:20:00,1,295.93,63,3,1,2,312
15654,2023-11-30 13:08:00,2,922.53,8,5,3,3,533
14834,2023-11-22 10:30:00,6,1720.3,17,4,5,4,454
14055,2023-08-25 15:04:00,1,725.6400000000001,105,2,1,3,213
14258,2023-11-30 15:27:00,9,12669.98,8,5,5,5,555
12689,2023-11-14 08:31:00,2,1247.61,25,4,2,4,424
15120,2023-07-29 09:48:00,1,358.82,133,2,1,2,212
17221,2023-12-02 13:35:00,2,334.48,6,5,3,2,532
14784,2023-11-13 13:30:00,2,289.99,25,4,3,2,432
16482,2023-11-24 12:33:00,1,220.62,15,4,2,1,421
12794,2023-10-17 14:54:00,2,860.41,52,3,2,3,323
17608,2023-11-06 13:06:00,2,191.99,32,4,3,1,431
12715,2023-08-25 15:22:00,1,343.36,105,2,1,2,212
16153,2023-10-21 10:50:00,5,1824.23,49,3,4,4,344
14237,2022-12-01 13:20:00,1,161.0,372,1,1,1,111
13854,2023-12-01 09:06:00,25,8109.519999999999,8,5,5,5,555
15680,2023-11-30 13:46:00,3,1333.68,8,5,3,4,534
13356,2023-09-20 14:33:00,1,768.24,79,2,1,3,213
17498,2023-09-25 12:25:00,1,272.22,75,2,2,2,222
16339,2023-02-28 13:41:00,1,94.05,283,1,2,1,121
12876,2023-10-13 12:26:00,2,2218.02,57,3,2,5,325
12789,2023-10-05 13:34:00,1,91.85,64,3,1,1,311
15958,2023-09-26 13:41:00,1,104.35,73,2,2,1,221
13991,2023-11-27 16:18:00,6,852.88,11,5,5,3,553
15582,2023-11-15 09:55:00,3,682.9100000000001,24,4,3,3,433
13924,2023-12-08 09:39:00,6,1838.85,1,5,5,4,554
14206,2023-04-14 16:38:00,1,328.16,238,1,1,2,112
16542,2023-10-17 10:47:00,1,119.62,53,3,2,1,321
17463,2023-11-23 13:40:00,5,1875.86,15,4,4,4,444
16244,2023-05-12 10:18:00,2,1522.75,211,1,3,4,134
17163,2023-11-18 08:57:00,2,293.1,21,4,3,2,432
13564,2023-07-18 14:33:00,3,1724.67,143,2,3,4,234
17763,2023-03-21 14:25:00,1,15.0,262,1,2,1,121
15406,2023-11-08 13:22:00,2,510.71,30,4,3,3,433
14326,2023-04-11 15:04:00,1,183.85,241,1,1,1,111
17079,2023-09-22 15:34:00,1,118.8,77,2,2,1,221
15421,2023-10-12 09:20:00,4,950.36,58,3,4,4,344
14757,2023-09-25 14:36:00,1,420.5,74,2,1,2,212
15379,2023-06-23 13:13:00,7,3703.29,168,2,5,5,255
12479,2023-11-28 13:26:00,1,527.2,10,5,1,3,513
13569,2023-11-22 13:07:00,2,338.62,16,4,2,2,422
17985,2023-11-17 14:24:00,1,631.35,21,4,2,3,423
16572,2023-08-04 16:34:00,3,1009.6,126,2,4,4,244
13813,2023-10-31 10:38:00,4,1366.86,39,3,4,4,344
12420,2023-10-07 08:55:00,1,600.39,63,3,1,3,313
12438,2023-11-25 13:28:00,2,2906.85,13,4,2,5,425
17090,2023-12-05 13:44:00,7,1974.65,3,5,5,4,554
12815,2023-07-15 10:21:00,2,1063.46,147,2,2,4,224
14049,2023-11-23 12:20:00,4,5578.72,16,4,4,5,445
13391,2023-05-20 10:50:00,1,59.8,203,1,1,1,111
15225,2023-04-19 14:51:00,1,409.4,233,1,1,2,112
17924,2023-11-28 09:11:00,7,2962.5,11,5,5,5,555
14813,2022-12-05 11:57:00,2,152.88,369,1,3,1,131
15965,2023-11-22 16:44:00,4,808.87,16,4,4,3,443
15802,2023-07-20 11:38:00,1,451.42,142,2,2,2,222
16384,2023-09-11 11:19:00,2,584.5,89,2,3,3,233
16000,2023-12-07 12:17:00,3,12393.7,2,5,4,5,545
15612,2023-11-03 14:52:00,2,195.15,35,3,3,1,331
17404,2023-12-05 16:26:00,15,31906.82,3,5,5,5,555
14681,2023-09-29 15:52:00,3,498.95,70,3,3,3,333
17154,2023-09-25 13:42:00,1,329.34,74,2,2,2,222
13602,2023-10-06 11:47:00,1,428.89,64,3,1,2,312
14481,2023-06-28 10:38:00,2,636.51,164,2,3,3,233
16356,2023-05-26 11:51:00,3,211.77,197,1,4,1,141
13566,2023-10-30 11:59:00,2,856.84,40,3,2,3,323
12502,2023-09-05 11:52:00,5,3723.87,95,2,4,5,245
16170,2023-10-20 08:21:00,6,1885.05,50,3,5,4,354
16466,2023-11-06 11:35:00,7,1595.96,33,3,5,4,354
13439,2023-03-29 14:20:00,1,283.71,254,1,1,2,112
16729,2023-11-01 14:29:00,21,7205.33,37,3,5,5,355
14554,2023-11-29 16:44:00,4,2279.49,9,5,4,5,545
17004,2023-10-24 14:25:00,2,1312.14,45,3,3,4,334
15888,2023-09-20 12:30:00,1,168.31,80,2,2,1,221
16463,2023-11-18 14:01:00,4,1422.4,20,4,4,4,444
12895,2023-10-28 13:51:00,2,372.8,41,3,2,2,322
14961,2023-11-29 09:42:00,9,7044.68,10,5,5,5,555
